Player,Tm,XPM,XPA,FGM,FGA,Pnt,Yds,Y/P,Lng,
Dan Bailey,DAL,2,2,1,1,0,0,,0,http://www.pro-football-reference.com/boxscores/201612010min.htm?utm_source=direct&utm_medium=Share&utm_campaign=ShareTool
Chris Jones,DAL,,,,,6,277,46.2,55,http://www.pro-football-reference.com/boxscores/201612010min.htm?utm_source=direct&utm_medium=Share&utm_campaign=ShareTool
Jeff Locke,MIN,,,,,7,224,32.0,43,http://www.pro-football-reference.com/boxscores/201612010min.htm?utm_source=direct&utm_medium=Share&utm_campaign=ShareTool
Kai Forbath,MIN,,,3,3,0,0,,0,http://www.pro-football-reference.com/boxscores/201612010min.htm?utm_source=direct&utm_medium=Share&utm_campaign=ShareTool
Cairo Santos,KAN,3,4,,,0,0,,0,http://www.pro-football-reference.com/boxscores/201612040atl.htm?utm_source=direct&utm_medium=Share&utm_campaign=ShareTool
Dustin Colquitt,KAN,,,,,3,150,50.0,61,http://www.pro-football-reference.com/boxscores/201612040atl.htm?utm_source=direct&utm_medium=Share&utm_campaign=ShareTool
Matt Bryant,ATL,1,1,3,3,0,0,,0,http://www.pro-football-reference.com/boxscores/201612040atl.htm?utm_source=direct&utm_medium=Share&utm_campaign=ShareTool
Matthew Bosher,ATL,,,,,1,46,46.0,46,http://www.pro-football-reference.com/boxscores/201612040atl.htm?utm_source=direct&utm_medium=Share&utm_campaign=ShareTool
Matt Prater,DET,1,1,5,5,0,0,,0,http://www.pro-football-reference.com/boxscores/201612040nor.htm?utm_source=direct&utm_medium=Share&utm_campaign=ShareTool
Sam Martin,DET,,,,,2,85,42.5,53,http://www.pro-football-reference.com/boxscores/201612040nor.htm?utm_source=direct&utm_medium=Share&utm_campaign=ShareTool
Wil Lutz,NOR,1,1,2,2,0,0,,0,http://www.pro-football-reference.com/boxscores/201612040nor.htm?utm_source=direct&utm_medium=Share&utm_campaign=ShareTool
Thomas Morstead,NOR,,,,,4,162,40.5,50,http://www.pro-football-reference.com/boxscores/201612040nor.htm?utm_source=direct&utm_medium=Share&utm_campaign=ShareTool
Brandon McManus,DEN,2,2,2,2,0,0,,0,http://www.pro-football-reference.com/boxscores/201612040jax.htm?utm_source=direct&utm_medium=Share&utm_campaign=ShareTool
Riley Dixon,DEN,,,,,11,506,46.0,58,http://www.pro-football-reference.com/boxscores/201612040jax.htm?utm_source=direct&utm_medium=Share&utm_campaign=ShareTool
Jason Myers,JAX,1,1,1,1,0,0,,0,http://www.pro-football-reference.com/boxscores/201612040jax.htm?utm_source=direct&utm_medium=Share&utm_campaign=ShareTool
Brad Nortman,JAX,,,,,8,369,46.1,65,http://www.pro-football-reference.com/boxscores/201612040jax.htm?utm_source=direct&utm_medium=Share&utm_campaign=ShareTool
Greg Zuerlein,LAR,1,1,1,1,0,0,,0,http://www.pro-football-reference.com/boxscores/201612040nwe.htm?utm_source=direct&utm_medium=Share&utm_campaign=ShareTool
Johnny Hekker,LAR,,,,,8,430,53.8,76,http://www.pro-football-reference.com/boxscores/201612040nwe.htm?utm_source=direct&utm_medium=Share&utm_campaign=ShareTool
Stephen Gostkowski,NWE,2,2,4,4,0,0,,0,http://www.pro-football-reference.com/boxscores/201612040nwe.htm?utm_source=direct&utm_medium=Share&utm_campaign=ShareTool
Ryan Allen,NWE,,,,,6,247,41.2,46,http://www.pro-football-reference.com/boxscores/201612040nwe.htm?utm_source=direct&utm_medium=Share&utm_campaign=ShareTool
Bradley Pinion,SFO,,,,,8,308,38.5,44,http://www.pro-football-reference.com/boxscores/201612040chi.htm?utm_source=direct&utm_medium=Share&utm_campaign=ShareTool
Phil Dawson,SFO,,,2,2,0,0,,0,http://www.pro-football-reference.com/boxscores/201612040chi.htm?utm_source=direct&utm_medium=Share&utm_campaign=ShareTool
Connor Barth,CHI,3,3,1,1,0,0,,0,http://www.pro-football-reference.com/boxscores/201612040chi.htm?utm_source=direct&utm_medium=Share&utm_campaign=ShareTool
Pat O'Donnell,CHI,,,,,6,233,38.8,52,http://www.pro-football-reference.com/boxscores/201612040chi.htm?utm_source=direct&utm_medium=Share&utm_campaign=ShareTool
Caleb Sturgis,PHI,2,2,,1,0,0,,0,http://www.pro-football-reference.com/boxscores/201612040cin.htm?utm_source=direct&utm_medium=Share&utm_campaign=ShareTool
Donnie Jones,PHI,,,,,3,118,39.3,48,http://www.pro-football-reference.com/boxscores/201612040cin.htm?utm_source=direct&utm_medium=Share&utm_campaign=ShareTool
Mike Nugent,CIN,2,3,4,4,0,0,,0,http://www.pro-football-reference.com/boxscores/201612040cin.htm?utm_source=direct&utm_medium=Share&utm_campaign=ShareTool
Kevin Huber,CIN,,,,,1,49,49.0,49,http://www.pro-football-reference.com/boxscores/201612040cin.htm?utm_source=direct&utm_medium=Share&utm_campaign=ShareTool
Nick Novak,HOU,1,2,,,0,0,,0,http://www.pro-football-reference.com/boxscores/201612040gnb.htm?utm_source=direct&utm_medium=Share&utm_campaign=ShareTool
Shane Lechler,HOU,,,,,5,205,41.0,52,http://www.pro-football-reference.com/boxscores/201612040gnb.htm?utm_source=direct&utm_medium=Share&utm_campaign=ShareTool
Mason Crosby,GNB,3,3,,,0,0,,0,http://www.pro-football-reference.com/boxscores/201612040gnb.htm?utm_source=direct&utm_medium=Share&utm_campaign=ShareTool
Jake Schum,GNB,,,,,5,215,43.0,48,http://www.pro-football-reference.com/boxscores/201612040gnb.htm?utm_source=direct&utm_medium=Share&utm_campaign=ShareTool
Matt Darr,MIA,,,,,6,222,37.0,48,http://www.pro-football-reference.com/boxscores/201612040rav.htm?utm_source=direct&utm_medium=Share&utm_campaign=ShareTool
Andrew Franks,MIA,,,,1,0,0,,0,http://www.pro-football-reference.com/boxscores/201612040rav.htm?utm_source=direct&utm_medium=Share&utm_campaign=ShareTool
Justin Tucker,BAL,5,5,1,1,0,0,,0,http://www.pro-football-reference.com/boxscores/201612040rav.htm?utm_source=direct&utm_medium=Share&utm_campaign=ShareTool
Sam Koch,BAL,,,,,3,93,31.0,43,http://www.pro-football-reference.com/boxscores/201612040rav.htm?utm_source=direct&utm_medium=Share&utm_campaign=ShareTool
Dan Carpenter,BUF,3,3,1,1,0,0,,0,http://www.pro-football-reference.com/boxscores/201612040rai.htm?utm_source=direct&utm_medium=Share&utm_campaign=ShareTool
Colton Schmidt,BUF,,,,,5,199,39.8,48,http://www.pro-football-reference.com/boxscores/201612040rai.htm?utm_source=direct&utm_medium=Share&utm_campaign=ShareTool
Sebastian Janikowski,OAK,3,3,3,3,0,0,,0,http://www.pro-football-reference.com/boxscores/201612040rai.htm?utm_source=direct&utm_medium=Share&utm_campaign=ShareTool
Marquette King,OAK,,,,,5,221,44.2,60,http://www.pro-football-reference.com/boxscores/201612040rai.htm?utm_source=direct&utm_medium=Share&utm_campaign=ShareTool
Dustin Hopkins,WAS,2,2,3,3,0,0,,0,http://www.pro-football-reference.com/boxscores/201612040crd.htm?utm_source=direct&utm_medium=Share&utm_campaign=ShareTool
Tress Way,WAS,,,,,2,89,44.5,59,http://www.pro-football-reference.com/boxscores/201612040crd.htm?utm_source=direct&utm_medium=Share&utm_campaign=ShareTool
Chandler Catanzaro,ARI,4,4,1,2,0,0,,0,http://www.pro-football-reference.com/boxscores/201612040crd.htm?utm_source=direct&utm_medium=Share&utm_campaign=ShareTool
Drew Butler,ARI,,,,,3,119,39.7,50,http://www.pro-football-reference.com/boxscores/201612040crd.htm?utm_source=direct&utm_medium=Share&utm_campaign=ShareTool
Robbie Gould,NYG,2,2,,,0,0,,0,http://www.pro-football-reference.com/boxscores/201612040pit.htm?utm_source=direct&utm_medium=Share&utm_campaign=ShareTool
Brad Wing,NYG,,,,,4,177,44.3,57,http://www.pro-football-reference.com/boxscores/201612040pit.htm?utm_source=direct&utm_medium=Share&utm_campaign=ShareTool
Randy Bullock,PIT,1,1,3,3,0,0,,0,http://www.pro-football-reference.com/boxscores/201612040pit.htm?utm_source=direct&utm_medium=Share&utm_campaign=ShareTool
Jordan Berry,PIT,,,,,4,148,37.0,44,http://www.pro-football-reference.com/boxscores/201612040pit.htm?utm_source=direct&utm_medium=Share&utm_campaign=ShareTool
Roberto Aguayo,TAM,2,2,2,3,0,0,,0,http://www.pro-football-reference.com/boxscores/201612040sdg.htm?utm_source=direct&utm_medium=Share&utm_campaign=ShareTool
Bryan Anger,TAM,,,,,2,108,54.0,54,http://www.pro-football-reference.com/boxscores/201612040sdg.htm?utm_source=direct&utm_medium=Share&utm_campaign=ShareTool
Josh Lambo,SDG,3,3,,1,0,0,,0,http://www.pro-football-reference.com/boxscores/201612040sdg.htm?utm_source=direct&utm_medium=Share&utm_campaign=ShareTool
Drew Kaser,SDG,,,,,3,127,42.3,49,http://www.pro-football-reference.com/boxscores/201612040sdg.htm?utm_source=direct&utm_medium=Share&utm_campaign=ShareTool
Graham Gano,CAR,1,1,,,0,0,,0,http://www.pro-football-reference.com/boxscores/201612040sea.htm?utm_source=direct&utm_medium=Share&utm_campaign=ShareTool
Michael Palardy,CAR,,,,,6,254,42.3,52,http://www.pro-football-reference.com/boxscores/201612040sea.htm?utm_source=direct&utm_medium=Share&utm_campaign=ShareTool
Steven Hauschka,SEA,4,4,4,4,0,0,,0,http://www.pro-football-reference.com/boxscores/201612040sea.htm?utm_source=direct&utm_medium=Share&utm_campaign=ShareTool
Jon Ryan,SEA,,,,,1,41,41.0,41,http://www.pro-football-reference.com/boxscores/201612040sea.htm?utm_source=direct&utm_medium=Share&utm_campaign=ShareTool
Adam Vinatieri,IND,5,5,2,2,0,0,,0,http://www.pro-football-reference.com/boxscores/201612050nyj.htm?utm_source=direct&utm_medium=Share&utm_campaign=ShareTool
Pat McAfee,IND,,,,,2,95,47.5,51,http://www.pro-football-reference.com/boxscores/201612050nyj.htm?utm_source=direct&utm_medium=Share&utm_campaign=ShareTool
Nick Folk,NYJ,1,1,1,1,0,0,,0,http://www.pro-football-reference.com/boxscores/201612050nyj.htm?utm_source=direct&utm_medium=Share&utm_campaign=ShareTool
Lac Edwards,NYJ,,,,,5,230,46.0,56,http://www.pro-football-reference.com/boxscores/201612050nyj.htm?utm_source=direct&utm_medium=Share&utm_campaign=ShareTool
Sebastian Janikowski,OAK,1,1,2,2,0,0,,0,http://www.pro-football-reference.com/boxscores/201612080kan.htm?utm_source=direct&utm_medium=Share&utm_campaign=ShareTool
Marquette King,OAK,,,,,8,348,43.5,54,http://www.pro-football-reference.com/boxscores/201612080kan.htm?utm_source=direct&utm_medium=Share&utm_campaign=ShareTool
Cairo Santos,KAN,3,3,,,0,0,,0,http://www.pro-football-reference.com/boxscores/201612080kan.htm?utm_source=direct&utm_medium=Share&utm_campaign=ShareTool
Dustin Colquitt,KAN,,,,,5,168,33.6,39,http://www.pro-football-reference.com/boxscores/201612080kan.htm?utm_source=direct&utm_medium=Share&utm_campaign=ShareTool
Mike Nugent,CIN,2,3,1,2,0,0,,0,http://www.pro-football-reference.com/boxscores/201612110cle.htm?utm_source=direct&utm_medium=Share&utm_campaign=ShareTool
Kevin Huber,CIN,,,,,5,248,49.6,72,http://www.pro-football-reference.com/boxscores/201612110cle.htm?utm_source=direct&utm_medium=Share&utm_campaign=ShareTool
Cody Parkey,CLE,1,1,1,1,0,0,,0,http://www.pro-football-reference.com/boxscores/201612110cle.htm?utm_source=direct&utm_medium=Share&utm_campaign=ShareTool
Britton Colquitt,CLE,,,,,6,276,46.0,54,http://www.pro-football-reference.com/boxscores/201612110cle.htm?utm_source=direct&utm_medium=Share&utm_campaign=ShareTool
Dustin Hopkins,WAS,3,3,,1,0,0,,0,http://www.pro-football-reference.com/boxscores/201612110phi.htm?utm_source=direct&utm_medium=Share&utm_campaign=ShareTool
Tress Way,WAS,,,,,3,141,47.0,49,http://www.pro-football-reference.com/boxscores/201612110phi.htm?utm_source=direct&utm_medium=Share&utm_campaign=ShareTool
Caleb Sturgis,PHI,1,1,3,3,0,0,,0,http://www.pro-football-reference.com/boxscores/201612110phi.htm?utm_source=direct&utm_medium=Share&utm_campaign=ShareTool
Donnie Jones,PHI,,,,,2,106,53.0,54,http://www.pro-football-reference.com/boxscores/201612110phi.htm?utm_source=direct&utm_medium=Share&utm_campaign=ShareTool
Brandon McManus,DEN,1,1,1,1,0,0,,0,http://www.pro-football-reference.com/boxscores/201612110oti.htm?utm_source=direct&utm_medium=Share&utm_campaign=ShareTool
Riley Dixon,DEN,,,,,5,207,41.4,53,http://www.pro-football-reference.com/boxscores/201612110oti.htm?utm_source=direct&utm_medium=Share&utm_campaign=ShareTool
Ryan Succop,TEN,1,1,2,2,0,0,,0,http://www.pro-football-reference.com/boxscores/201612110oti.htm?utm_source=direct&utm_medium=Share&utm_campaign=ShareTool
Brett Kern,TEN,,,,,7,308,44.0,61,http://www.pro-football-reference.com/boxscores/201612110oti.htm?utm_source=direct&utm_medium=Share&utm_campaign=ShareTool
Nick Novak,HOU,1,1,5,5,0,0,,0,http://www.pro-football-reference.com/boxscores/201612110clt.htm?utm_source=direct&utm_medium=Share&utm_campaign=ShareTool
Shane Lechler,HOU,,,,,3,156,52.0,57,http://www.pro-football-reference.com/boxscores/201612110clt.htm?utm_source=direct&utm_medium=Share&utm_campaign=ShareTool
Adam Vinatieri,IND,2,2,1,2,0,0,,0,http://www.pro-football-reference.com/boxscores/201612110clt.htm?utm_source=direct&utm_medium=Share&utm_campaign=ShareTool
Pat McAfee,IND,,,,,2,81,40.5,49,http://www.pro-football-reference.com/boxscores/201612110clt.htm?utm_source=direct&utm_medium=Share&utm_campaign=ShareTool
Connor Barth,CHI,2,2,1,1,0,0,,0,http://www.pro-football-reference.com/boxscores/201612110det.htm?utm_source=direct&utm_medium=Share&utm_campaign=ShareTool
Pat O'Donnell,CHI,,,,,4,188,47.0,52,http://www.pro-football-reference.com/boxscores/201612110det.htm?utm_source=direct&utm_medium=Share&utm_campaign=ShareTool
Matt Prater,DET,2,2,2,2,0,0,,0,http://www.pro-football-reference.com/boxscores/201612110det.htm?utm_source=direct&utm_medium=Share&utm_campaign=ShareTool
Sam Martin,DET,,,,,2,102,51.0,57,http://www.pro-football-reference.com/boxscores/201612110det.htm?utm_source=direct&utm_medium=Share&utm_campaign=ShareTool
Kai Forbath,MIN,1,2,4,4,0,0,,0,http://www.pro-football-reference.com/boxscores/201612110jax.htm?utm_source=direct&utm_medium=Share&utm_campaign=ShareTool
Jeff Locke,MIN,,,,,1,42,42.0,42,http://www.pro-football-reference.com/boxscores/201612110jax.htm?utm_source=direct&utm_medium=Share&utm_campaign=ShareTool
Jason Myers,JAX,1,1,3,5,0,0,,0,http://www.pro-football-reference.com/boxscores/201612110jax.htm?utm_source=direct&utm_medium=Share&utm_campaign=ShareTool
Brad Nortman,JAX,,,,,4,163,40.8,54,http://www.pro-football-reference.com/boxscores/201612110jax.htm?utm_source=direct&utm_medium=Share&utm_campaign=ShareTool
Josh Lambo,SDG,1,1,1,1,0,0,,0,http://www.pro-football-reference.com/boxscores/201612110car.htm?utm_source=direct&utm_medium=Share&utm_campaign=ShareTool
Drew Kaser,SDG,,,,,3,122,40.7,47,http://www.pro-football-reference.com/boxscores/201612110car.htm?utm_source=direct&utm_medium=Share&utm_campaign=ShareTool
Graham Gano,CAR,2,2,4,4,0,0,,0,http://www.pro-football-reference.com/boxscores/201612110car.htm?utm_source=direct&utm_medium=Share&utm_campaign=ShareTool
Michael Palardy,CAR,,,,,5,215,43.0,49,http://www.pro-football-reference.com/boxscores/201612110car.htm?utm_source=direct&utm_medium=Share&utm_campaign=ShareTool
Chris Boswell,PIT,3,3,2,2,0,0,,0,http://www.pro-football-reference.com/boxscores/201612110buf.htm?utm_source=direct&utm_medium=Share&utm_campaign=ShareTool
Jordan Berry,PIT,,,,,2,101,50.5,56,http://www.pro-football-reference.com/boxscores/201612110buf.htm?utm_source=direct&utm_medium=Share&utm_campaign=ShareTool
Dan Carpenter,BUF,2,3,,,0,0,,0,http://www.pro-football-reference.com/boxscores/201612110buf.htm?utm_source=direct&utm_medium=Share&utm_campaign=ShareTool
Colton Schmidt,BUF,,,,,6,270,45.0,55,http://www.pro-football-reference.com/boxscores/201612110buf.htm?utm_source=direct&utm_medium=Share&utm_campaign=ShareTool
Chandler Catanzaro,ARI,,2,1,2,0,0,,0,http://www.pro-football-reference.com/boxscores/201612110mia.htm?utm_source=direct&utm_medium=Share&utm_campaign=ShareTool
Drew Butler,ARI,,,,,5,236,47.2,62,http://www.pro-football-reference.com/boxscores/201612110mia.htm?utm_source=direct&utm_medium=Share&utm_campaign=ShareTool
Andrew Franks,MIA,3,3,1,1,0,0,,0,http://www.pro-football-reference.com/boxscores/201612110mia.htm?utm_source=direct&utm_medium=Share&utm_campaign=ShareTool
Matt Darr,MIA,,,,,8,346,43.3,51,http://www.pro-football-reference.com/boxscores/201612110mia.htm?utm_source=direct&utm_medium=Share&utm_campaign=ShareTool
Lac Edwards,NYJ,,,,,6,60,10.0,54,http://www.pro-football-reference.com/boxscores/201612110sfo.htm?utm_source=direct&utm_medium=Share&utm_campaign=ShareTool
Nick Folk,NYJ,,,3,3,0,0,,0,http://www.pro-football-reference.com/boxscores/201612110sfo.htm?utm_source=direct&utm_medium=Share&utm_campaign=ShareTool
Phil Dawson,SFO,2,2,1,3,0,0,,0,http://www.pro-football-reference.com/boxscores/201612110sfo.htm?utm_source=direct&utm_medium=Share&utm_campaign=ShareTool
Bradley Pinion,SFO,,,,,6,239,39.8,46,http://www.pro-football-reference.com/boxscores/201612110sfo.htm?utm_source=direct&utm_medium=Share&utm_campaign=ShareTool
Thomas Morstead,NOR,,,,,4,205,51.3,53,http://www.pro-football-reference.com/boxscores/201612110tam.htm?utm_source=direct&utm_medium=Share&utm_campaign=ShareTool
Wil Lutz,NOR,,,3,3,0,0,,0,http://www.pro-football-reference.com/boxscores/201612110tam.htm?utm_source=direct&utm_medium=Share&utm_campaign=ShareTool
Roberto Aguayo,TAM,1,1,3,3,0,0,,0,http://www.pro-football-reference.com/boxscores/201612110tam.htm?utm_source=direct&utm_medium=Share&utm_campaign=ShareTool
Bryan Anger,TAM,,,,,4,185,46.3,57,http://www.pro-football-reference.com/boxscores/201612110tam.htm?utm_source=direct&utm_medium=Share&utm_campaign=ShareTool
Steven Hauschka,SEA,1,1,1,1,0,0,,0,http://www.pro-football-reference.com/boxscores/201612110gnb.htm?utm_source=direct&utm_medium=Share&utm_campaign=ShareTool
Jon Ryan,SEA,,,,,4,136,34.0,42,http://www.pro-football-reference.com/boxscores/201612110gnb.htm?utm_source=direct&utm_medium=Share&utm_campaign=ShareTool
Mason Crosby,GNB,5,5,1,2,0,0,,0,http://www.pro-football-reference.com/boxscores/201612110gnb.htm?utm_source=direct&utm_medium=Share&utm_campaign=ShareTool
Jake Schum,GNB,,,,,4,154,38.5,49,http://www.pro-football-reference.com/boxscores/201612110gnb.htm?utm_source=direct&utm_medium=Share&utm_campaign=ShareTool
Matt Bryant,ATL,6,6,,,0,0,,0,http://www.pro-football-reference.com/boxscores/201612110ram.htm?utm_source=direct&utm_medium=Share&utm_campaign=ShareTool
Matthew Bosher,ATL,,,,,8,415,51.9,66,http://www.pro-football-reference.com/boxscores/201612110ram.htm?utm_source=direct&utm_medium=Share&utm_campaign=ShareTool
Greg Zuerlein,LAR,2,2,,,0,0,,0,http://www.pro-football-reference.com/boxscores/201612110ram.htm?utm_source=direct&utm_medium=Share&utm_campaign=ShareTool
Johnny Hekker,LAR,,,,,7,340,48.6,57,http://www.pro-football-reference.com/boxscores/201612110ram.htm?utm_source=direct&utm_medium=Share&utm_campaign=ShareTool
Dan Bailey,DAL,1,1,,1,0,0,,0,http://www.pro-football-reference.com/boxscores/201612110nyg.htm?utm_source=direct&utm_medium=Share&utm_campaign=ShareTool
Chris Jones,DAL,,,,,9,384,42.7,52,http://www.pro-football-reference.com/boxscores/201612110nyg.htm?utm_source=direct&utm_medium=Share&utm_campaign=ShareTool
Robbie Gould,NYG,1,1,1,1,0,0,,0,http://www.pro-football-reference.com/boxscores/201612110nyg.htm?utm_source=direct&utm_medium=Share&utm_campaign=ShareTool
Brad Wing,NYG,,,,,9,389,43.2,57,http://www.pro-football-reference.com/boxscores/201612110nyg.htm?utm_source=direct&utm_medium=Share&utm_campaign=ShareTool
Justin Tucker,BAL,2,2,3,4,0,0,,0,http://www.pro-football-reference.com/boxscores/201612120nwe.htm?utm_source=direct&utm_medium=Share&utm_campaign=ShareTool
Sam Koch,BAL,,,,,6,289,48.2,65,http://www.pro-football-reference.com/boxscores/201612120nwe.htm?utm_source=direct&utm_medium=Share&utm_campaign=ShareTool
Stephen Gostkowski,NWE,4,4,,,0,0,,0,http://www.pro-football-reference.com/boxscores/201612120nwe.htm?utm_source=direct&utm_medium=Share&utm_campaign=ShareTool
Ryan Allen,NWE,,,,,6,294,49.0,56,http://www.pro-football-reference.com/boxscores/201612120nwe.htm?utm_source=direct&utm_medium=Share&utm_campaign=ShareTool
Johnny Hekker,LAR,,,,,4,216,54.0,66,http://www.pro-football-reference.com/boxscores/201612150sea.htm?utm_source=direct&utm_medium=Share&utm_campaign=ShareTool
Greg Zuerlein,LAR,,,1,1,0,0,,0,http://www.pro-football-reference.com/boxscores/201612150sea.htm?utm_source=direct&utm_medium=Share&utm_campaign=ShareTool
Steven Hauschka,SEA,3,3,1,1,0,0,,0,http://www.pro-football-reference.com/boxscores/201612150sea.htm?utm_source=direct&utm_medium=Share&utm_campaign=ShareTool
Jon Ryan,SEA,,,,,3,108,36.0,40,http://www.pro-football-reference.com/boxscores/201612150sea.htm?utm_source=direct&utm_medium=Share&utm_campaign=ShareTool
Andrew Franks,MIA,4,5,,,0,0,,0,http://www.pro-football-reference.com/boxscores/201612170nyj.htm?utm_source=direct&utm_medium=Share&utm_campaign=ShareTool
Matt Darr,MIA,,,,,6,257,42.8,46,http://www.pro-football-reference.com/boxscores/201612170nyj.htm?utm_source=direct&utm_medium=Share&utm_campaign=ShareTool
Nick Folk,NYJ,1,1,2,2,0,0,,0,http://www.pro-football-reference.com/boxscores/201612170nyj.htm?utm_source=direct&utm_medium=Share&utm_campaign=ShareTool
Lac Edwards,NYJ,,,,,3,119,39.7,52,http://www.pro-football-reference.com/boxscores/201612170nyj.htm?utm_source=direct&utm_medium=Share&utm_campaign=ShareTool
Jordan Berry,PIT,,,,,1,40,40.0,40,http://www.pro-football-reference.com/boxscores/201612180cin.htm?utm_source=direct&utm_medium=Share&utm_campaign=ShareTool
Chris Boswell,PIT,,,6,6,0,0,,0,http://www.pro-football-reference.com/boxscores/201612180cin.htm?utm_source=direct&utm_medium=Share&utm_campaign=ShareTool
Randy Bullock,CIN,2,2,2,2,0,0,,0,http://www.pro-football-reference.com/boxscores/201612180cin.htm?utm_source=direct&utm_medium=Share&utm_campaign=ShareTool
Kevin Huber,CIN,,,,,3,141,47.0,54,http://www.pro-football-reference.com/boxscores/201612180cin.htm?utm_source=direct&utm_medium=Share&utm_campaign=ShareTool
Adam Vinatieri,IND,4,4,2,2,0,0,,0,http://www.pro-football-reference.com/boxscores/201612180min.htm?utm_source=direct&utm_medium=Share&utm_campaign=ShareTool
Pat McAfee,IND,,,,,3,127,42.3,44,http://www.pro-football-reference.com/boxscores/201612180min.htm?utm_source=direct&utm_medium=Share&utm_campaign=ShareTool
Jeff Locke,MIN,,,,,3,146,48.7,52,http://www.pro-football-reference.com/boxscores/201612180min.htm?utm_source=direct&utm_medium=Share&utm_campaign=ShareTool
Kai Forbath,MIN,,,2,2,0,0,,0,http://www.pro-football-reference.com/boxscores/201612180min.htm?utm_source=direct&utm_medium=Share&utm_campaign=ShareTool
Cody Parkey,CLE,1,1,2,2,0,0,,0,http://www.pro-football-reference.com/boxscores/201612180buf.htm?utm_source=direct&utm_medium=Share&utm_campaign=ShareTool
Britton Colquitt,CLE,,,,,5,222,44.4,53,http://www.pro-football-reference.com/boxscores/201612180buf.htm?utm_source=direct&utm_medium=Share&utm_campaign=ShareTool
Dan Carpenter,BUF,3,4,2,2,0,0,,0,http://www.pro-football-reference.com/boxscores/201612180buf.htm?utm_source=direct&utm_medium=Share&utm_campaign=ShareTool
Colton Schmidt,BUF,,,,,2,90,45.0,48,http://www.pro-football-reference.com/boxscores/201612180buf.htm?utm_source=direct&utm_medium=Share&utm_campaign=ShareTool
Sam Martin,DET,,,,,6,275,45.8,63,http://www.pro-football-reference.com/boxscores/201612180nyg.htm?utm_source=direct&utm_medium=Share&utm_campaign=ShareTool
Matt Prater,DET,,,2,2,0,0,,0,http://www.pro-football-reference.com/boxscores/201612180nyg.htm?utm_source=direct&utm_medium=Share&utm_campaign=ShareTool
Robbie Gould,NYG,2,2,1,1,0,0,,0,http://www.pro-football-reference.com/boxscores/201612180nyg.htm?utm_source=direct&utm_medium=Share&utm_campaign=ShareTool
Brad Wing,NYG,,,,,7,298,42.6,57,http://www.pro-football-reference.com/boxscores/201612180nyg.htm?utm_source=direct&utm_medium=Share&utm_campaign=ShareTool
Ryan Succop,TEN,1,1,2,2,0,0,,0,http://www.pro-football-reference.com/boxscores/201612180kan.htm?utm_source=direct&utm_medium=Share&utm_campaign=ShareTool
Brett Kern,TEN,,,,,4,142,35.5,38,http://www.pro-football-reference.com/boxscores/201612180kan.htm?utm_source=direct&utm_medium=Share&utm_campaign=ShareTool
Cairo Santos,KAN,2,2,1,1,0,0,,0,http://www.pro-football-reference.com/boxscores/201612180kan.htm?utm_source=direct&utm_medium=Share&utm_campaign=ShareTool
Dustin Colquitt,KAN,,,,,6,273,45.5,57,http://www.pro-football-reference.com/boxscores/201612180kan.htm?utm_source=direct&utm_medium=Share&utm_campaign=ShareTool
Mason Crosby,GNB,3,3,3,3,0,0,,0,http://www.pro-football-reference.com/boxscores/201612180chi.htm?utm_source=direct&utm_medium=Share&utm_campaign=ShareTool
Jake Schum,GNB,,,,,4,168,42.0,52,http://www.pro-football-reference.com/boxscores/201612180chi.htm?utm_source=direct&utm_medium=Share&utm_campaign=ShareTool
Connor Barth,CHI,3,3,2,2,0,0,,0,http://www.pro-football-reference.com/boxscores/201612180chi.htm?utm_source=direct&utm_medium=Share&utm_campaign=ShareTool
Pat O'Donnell,CHI,,,,,2,88,44.0,48,http://www.pro-football-reference.com/boxscores/201612180chi.htm?utm_source=direct&utm_medium=Share&utm_campaign=ShareTool
Donnie Jones,PHI,,,,,2,94,47.0,51,http://www.pro-football-reference.com/boxscores/201612180rav.htm?utm_source=direct&utm_medium=Share&utm_campaign=ShareTool
Caleb Sturgis,PHI,,,4,4,0,0,,0,http://www.pro-football-reference.com/boxscores/201612180rav.htm?utm_source=direct&utm_medium=Share&utm_campaign=ShareTool
Justin Tucker,BAL,3,3,2,2,0,0,,0,http://www.pro-football-reference.com/boxscores/201612180rav.htm?utm_source=direct&utm_medium=Share&utm_campaign=ShareTool
Sam Koch,BAL,,,,,4,197,49.3,60,http://www.pro-football-reference.com/boxscores/201612180rav.htm?utm_source=direct&utm_medium=Share&utm_campaign=ShareTool
Jason Myers,JAX,2,2,2,2,0,0,,0,http://www.pro-football-reference.com/boxscores/201612180htx.htm?utm_source=direct&utm_medium=Share&utm_campaign=ShareTool
Brad Nortman,JAX,,,,,6,315,52.5,67,http://www.pro-football-reference.com/boxscores/201612180htx.htm?utm_source=direct&utm_medium=Share&utm_campaign=ShareTool
Nick Novak,HOU,1,1,4,4,0,0,,0,http://www.pro-football-reference.com/boxscores/201612180htx.htm?utm_source=direct&utm_medium=Share&utm_campaign=ShareTool
Shane Lechler,HOU,,,,,5,226,45.2,59,http://www.pro-football-reference.com/boxscores/201612180htx.htm?utm_source=direct&utm_medium=Share&utm_campaign=ShareTool
Phil Dawson,SFO,1,2,,,0,0,,0,http://www.pro-football-reference.com/boxscores/201612180atl.htm?utm_source=direct&utm_medium=Share&utm_campaign=ShareTool
Bradley Pinion,SFO,,,,,7,318,45.4,57,http://www.pro-football-reference.com/boxscores/201612180atl.htm?utm_source=direct&utm_medium=Share&utm_campaign=ShareTool
Matt Bryant,ATL,5,5,2,2,0,0,,0,http://www.pro-football-reference.com/boxscores/201612180atl.htm?utm_source=direct&utm_medium=Share&utm_campaign=ShareTool
Matthew Bosher,ATL,,,,,2,67,33.5,41,http://www.pro-football-reference.com/boxscores/201612180atl.htm?utm_source=direct&utm_medium=Share&utm_campaign=ShareTool
Wil Lutz,NOR,6,6,2,2,0,0,,0,http://www.pro-football-reference.com/boxscores/201612180crd.htm?utm_source=direct&utm_medium=Share&utm_campaign=ShareTool
Thomas Morstead,NOR,,,,,1,30,30.0,30,http://www.pro-football-reference.com/boxscores/201612180crd.htm?utm_source=direct&utm_medium=Share&utm_campaign=ShareTool
Chandler Catanzaro,ARI,5,6,,1,0,0,,0,http://www.pro-football-reference.com/boxscores/201612180crd.htm?utm_source=direct&utm_medium=Share&utm_campaign=ShareTool
Matt Wile,ARI,,,,,2,68,34.0,36,http://www.pro-football-reference.com/boxscores/201612180crd.htm?utm_source=direct&utm_medium=Share&utm_campaign=ShareTool
Stephen Gostkowski,NWE,1,1,3,3,0,0,,0,http://www.pro-football-reference.com/boxscores/201612180den.htm?utm_source=direct&utm_medium=Share&utm_campaign=ShareTool
Ryan Allen,NWE,,,,,7,312,44.6,51,http://www.pro-football-reference.com/boxscores/201612180den.htm?utm_source=direct&utm_medium=Share&utm_campaign=ShareTool
Riley Dixon,DEN,,,,,7,325,46.4,58,http://www.pro-football-reference.com/boxscores/201612180den.htm?utm_source=direct&utm_medium=Share&utm_campaign=ShareTool
Brandon McManus,DEN,,,1,1,0,0,,0,http://www.pro-football-reference.com/boxscores/201612180den.htm?utm_source=direct&utm_medium=Share&utm_campaign=ShareTool
Sebastian Janikowski,OAK,1,1,4,4,0,0,,0,http://www.pro-football-reference.com/boxscores/201612180sdg.htm?utm_source=direct&utm_medium=Share&utm_campaign=ShareTool
Marquette King,OAK,,,,,3,153,51.0,64,http://www.pro-football-reference.com/boxscores/201612180sdg.htm?utm_source=direct&utm_medium=Share&utm_campaign=ShareTool
Josh Lambo,SDG,1,2,1,1,0,0,,0,http://www.pro-football-reference.com/boxscores/201612180sdg.htm?utm_source=direct&utm_medium=Share&utm_campaign=ShareTool
Drew Kaser,SDG,,,,,5,274,54.8,69,http://www.pro-football-reference.com/boxscores/201612180sdg.htm?utm_source=direct&utm_medium=Share&utm_campaign=ShareTool
Roberto Aguayo,TAM,2,2,2,2,0,0,,0,http://www.pro-football-reference.com/boxscores/201612180dal.htm?utm_source=direct&utm_medium=Share&utm_campaign=ShareTool
Bryan Anger,TAM,,,,,4,171,42.8,53,http://www.pro-football-reference.com/boxscores/201612180dal.htm?utm_source=direct&utm_medium=Share&utm_campaign=ShareTool
Dan Bailey,DAL,2,2,4,6,0,0,,0,http://www.pro-football-reference.com/boxscores/201612180dal.htm?utm_source=direct&utm_medium=Share&utm_campaign=ShareTool
Chris Jones,DAL,,,,,2,82,41.0,42,http://www.pro-football-reference.com/boxscores/201612180dal.htm?utm_source=direct&utm_medium=Share&utm_campaign=ShareTool
Graham Gano,CAR,2,2,4,5,0,0,,0,http://www.pro-football-reference.com/boxscores/201612190was.htm?utm_source=direct&utm_medium=Share&utm_campaign=ShareTool
Michael Palardy,CAR,,,,,6,208,34.7,46,http://www.pro-football-reference.com/boxscores/201612190was.htm?utm_source=direct&utm_medium=Share&utm_campaign=ShareTool
Dustin Hopkins,WAS,,1,3,3,0,0,,0,http://www.pro-football-reference.com/boxscores/201612190was.htm?utm_source=direct&utm_medium=Share&utm_campaign=ShareTool
Tress Way,WAS,,,,,6,286,47.7,56,http://www.pro-football-reference.com/boxscores/201612190was.htm?utm_source=direct&utm_medium=Share&utm_campaign=ShareTool
Robbie Gould,NYG,1,1,4,4,0,0,,0,http://www.pro-football-reference.com/boxscores/201612220phi.htm?utm_source=direct&utm_medium=Share&utm_campaign=ShareTool
Brad Wing,NYG,,,,,3,145,48.3,56,http://www.pro-football-reference.com/boxscores/201612220phi.htm?utm_source=direct&utm_medium=Share&utm_campaign=ShareTool
Caleb Sturgis,PHI,3,3,1,1,0,0,,0,http://www.pro-football-reference.com/boxscores/201612220phi.htm?utm_source=direct&utm_medium=Share&utm_campaign=ShareTool
Donnie Jones,PHI,,,,,5,237,47.4,55,http://www.pro-football-reference.com/boxscores/201612220phi.htm?utm_source=direct&utm_medium=Share&utm_campaign=ShareTool
Dustin Hopkins,WAS,5,5,2,2,0,0,,0,http://www.pro-football-reference.com/boxscores/201612240chi.htm?utm_source=direct&utm_medium=Share&utm_campaign=ShareTool
Tress Way,WAS,,,,,2,83,41.5,49,http://www.pro-football-reference.com/boxscores/201612240chi.htm?utm_source=direct&utm_medium=Share&utm_campaign=ShareTool
Connor Barth,CHI,3,3,,1,0,0,,0,http://www.pro-football-reference.com/boxscores/201612240chi.htm?utm_source=direct&utm_medium=Share&utm_campaign=ShareTool
Pat O'Donnell,CHI,,,,,1,51,51.0,51,http://www.pro-football-reference.com/boxscores/201612240chi.htm?utm_source=direct&utm_medium=Share&utm_campaign=ShareTool
Kai Forbath,MIN,1,2,2,2,0,0,,0,http://www.pro-football-reference.com/boxscores/201612240gnb.htm?utm_source=direct&utm_medium=Share&utm_campaign=ShareTool
Jeff Locke,MIN,,,,,5,186,37.2,45,http://www.pro-football-reference.com/boxscores/201612240gnb.htm?utm_source=direct&utm_medium=Share&utm_campaign=ShareTool
Mason Crosby,GNB,5,5,1,1,0,0,,0,http://www.pro-football-reference.com/boxscores/201612240gnb.htm?utm_source=direct&utm_medium=Share&utm_campaign=ShareTool
Jake Schum,GNB,,,,,6,259,43.2,49,http://www.pro-football-reference.com/boxscores/201612240gnb.htm?utm_source=direct&utm_medium=Share&utm_campaign=ShareTool
Ryan Succop,TEN,2,2,1,1,0,0,,0,http://www.pro-football-reference.com/boxscores/201612240jax.htm?utm_source=direct&utm_medium=Share&utm_campaign=ShareTool
Brett Kern,TEN,,,,,7,313,44.7,54,http://www.pro-football-reference.com/boxscores/201612240jax.htm?utm_source=direct&utm_medium=Share&utm_campaign=ShareTool
Jason Myers,JAX,2,4,4,4,0,0,,0,http://www.pro-football-reference.com/boxscores/201612240jax.htm?utm_source=direct&utm_medium=Share&utm_campaign=ShareTool
Brad Nortman,JAX,,,,,3,143,47.7,55,http://www.pro-football-reference.com/boxscores/201612240jax.htm?utm_source=direct&utm_medium=Share&utm_campaign=ShareTool
Josh Lambo,SDG,2,2,1,3,0,0,,0,http://www.pro-football-reference.com/boxscores/201612240cle.htm?utm_source=direct&utm_medium=Share&utm_campaign=ShareTool
Drew Kaser,SDG,,,,,5,251,50.2,57,http://www.pro-football-reference.com/boxscores/201612240cle.htm?utm_source=direct&utm_medium=Share&utm_campaign=ShareTool
Cody Parkey,CLE,2,2,2,2,0,0,,0,http://www.pro-football-reference.com/boxscores/201612240cle.htm?utm_source=direct&utm_medium=Share&utm_campaign=ShareTool
Britton Colquitt,CLE,,,,,6,258,43.0,51,http://www.pro-football-reference.com/boxscores/201612240cle.htm?utm_source=direct&utm_medium=Share&utm_campaign=ShareTool
Andrew Franks,MIA,4,4,2,3,0,0,,0,http://www.pro-football-reference.com/boxscores/201612240buf.htm?utm_source=direct&utm_medium=Share&utm_campaign=ShareTool
Matt Darr,MIA,,,,,5,207,41.4,47,http://www.pro-football-reference.com/boxscores/201612240buf.htm?utm_source=direct&utm_medium=Share&utm_campaign=ShareTool
Dan Carpenter,BUF,4,4,1,3,0,0,,0,http://www.pro-football-reference.com/boxscores/201612240buf.htm?utm_source=direct&utm_medium=Share&utm_campaign=ShareTool
Colton Schmidt,BUF,,,,,4,169,42.3,48,http://www.pro-football-reference.com/boxscores/201612240buf.htm?utm_source=direct&utm_medium=Share&utm_campaign=ShareTool
Matt Bryant,ATL,3,3,4,5,0,0,,0,http://www.pro-football-reference.com/boxscores/201612240car.htm?utm_source=direct&utm_medium=Share&utm_campaign=ShareTool
Matthew Bosher,ATL,,,,,3,127,42.3,59,http://www.pro-football-reference.com/boxscores/201612240car.htm?utm_source=direct&utm_medium=Share&utm_campaign=ShareTool
Graham Gano,CAR,1,1,3,3,0,0,,0,http://www.pro-football-reference.com/boxscores/201612240car.htm?utm_source=direct&utm_medium=Share&utm_campaign=ShareTool
Michael Palardy,CAR,,,,,3,130,43.3,51,http://www.pro-football-reference.com/boxscores/201612240car.htm?utm_source=direct&utm_medium=Share&utm_campaign=ShareTool
Lac Edwards,NYJ,,,,,4,180,45.0,49,http://www.pro-football-reference.com/boxscores/201612240nwe.htm?utm_source=direct&utm_medium=Share&utm_campaign=ShareTool
Nick Folk,NYJ,,,1,2,0,0,,0,http://www.pro-football-reference.com/boxscores/201612240nwe.htm?utm_source=direct&utm_medium=Share&utm_campaign=ShareTool
Stephen Gostkowski,NWE,5,5,2,2,0,0,,0,http://www.pro-football-reference.com/boxscores/201612240nwe.htm?utm_source=direct&utm_medium=Share&utm_campaign=ShareTool
Ryan Allen,NWE,,,,,4,187,46.8,51,http://www.pro-football-reference.com/boxscores/201612240nwe.htm?utm_source=direct&utm_medium=Share&utm_campaign=ShareTool
Adam Vinatieri,IND,2,2,1,1,0,0,,0,http://www.pro-football-reference.com/boxscores/201612240rai.htm?utm_source=direct&utm_medium=Share&utm_campaign=ShareTool
Pat McAfee,IND,,,,,2,100,50.0,53,http://www.pro-football-reference.com/boxscores/201612240rai.htm?utm_source=direct&utm_medium=Share&utm_campaign=ShareTool
Sebastian Janikowski,OAK,3,5,,,0,0,,0,http://www.pro-football-reference.com/boxscores/201612240rai.htm?utm_source=direct&utm_medium=Share&utm_campaign=ShareTool
Marquette King,OAK,,,,,5,235,47.0,58,http://www.pro-football-reference.com/boxscores/201612240rai.htm?utm_source=direct&utm_medium=Share&utm_campaign=ShareTool
Phil Dawson,SFO,2,2,,,0,0,,0,http://www.pro-football-reference.com/boxscores/201612240ram.htm?utm_source=direct&utm_medium=Share&utm_campaign=ShareTool
Bradley Pinion,SFO,,,,,9,372,41.3,47,http://www.pro-football-reference.com/boxscores/201612240ram.htm?utm_source=direct&utm_medium=Share&utm_campaign=ShareTool
Greg Zuerlein,LAR,3,3,,,0,0,,0,http://www.pro-football-reference.com/boxscores/201612240ram.htm?utm_source=direct&utm_medium=Share&utm_campaign=ShareTool
Johnny Hekker,LAR,,,,,8,368,46.0,53,http://www.pro-football-reference.com/boxscores/201612240ram.htm?utm_source=direct&utm_medium=Share&utm_campaign=ShareTool
Chandler Catanzaro,ARI,4,4,2,3,0,0,,0,http://www.pro-football-reference.com/boxscores/201612240sea.htm?utm_source=direct&utm_medium=Share&utm_campaign=ShareTool
Matt Wile,ARI,,,,,5,222,44.4,59,http://www.pro-football-reference.com/boxscores/201612240sea.htm?utm_source=direct&utm_medium=Share&utm_campaign=ShareTool
Steven Hauschka,SEA,2,3,1,2,0,0,,0,http://www.pro-football-reference.com/boxscores/201612240sea.htm?utm_source=direct&utm_medium=Share&utm_campaign=ShareTool
Jon Ryan,SEA,,,,,4,144,36.0,50,http://www.pro-football-reference.com/boxscores/201612240sea.htm?utm_source=direct&utm_medium=Share&utm_campaign=ShareTool
Roberto Aguayo,TAM,3,3,1,1,0,0,,0,http://www.pro-football-reference.com/boxscores/201612240nor.htm?utm_source=direct&utm_medium=Share&utm_campaign=ShareTool
Bryan Anger,TAM,,,,,3,153,51.0,55,http://www.pro-football-reference.com/boxscores/201612240nor.htm?utm_source=direct&utm_medium=Share&utm_campaign=ShareTool
Wil Lutz,NOR,2,2,3,3,0,0,,0,http://www.pro-football-reference.com/boxscores/201612240nor.htm?utm_source=direct&utm_medium=Share&utm_campaign=ShareTool
Thomas Morstead,NOR,,,,,3,124,41.3,45,http://www.pro-football-reference.com/boxscores/201612240nor.htm?utm_source=direct&utm_medium=Share&utm_campaign=ShareTool
Randy Bullock,CIN,1,1,1,2,0,0,,0,http://www.pro-football-reference.com/boxscores/201612240htx.htm?utm_source=direct&utm_medium=Share&utm_campaign=ShareTool
Kevin Huber,CIN,,,,,8,366,45.8,54,http://www.pro-football-reference.com/boxscores/201612240htx.htm?utm_source=direct&utm_medium=Share&utm_campaign=ShareTool
Nick Novak,HOU,,1,2,2,0,0,,0,http://www.pro-football-reference.com/boxscores/201612240htx.htm?utm_source=direct&utm_medium=Share&utm_campaign=ShareTool
Shane Lechler,HOU,,,,,8,371,46.4,55,http://www.pro-football-reference.com/boxscores/201612240htx.htm?utm_source=direct&utm_medium=Share&utm_campaign=ShareTool
Justin Tucker,BAL,1,1,4,4,0,0,,0,http://www.pro-football-reference.com/boxscores/201612250pit.htm?utm_source=direct&utm_medium=Share&utm_campaign=ShareTool
Sam Koch,BAL,,,,,3,109,36.3,43,http://www.pro-football-reference.com/boxscores/201612250pit.htm?utm_source=direct&utm_medium=Share&utm_campaign=ShareTool
Chris Boswell,PIT,4,4,1,1,0,0,,0,http://www.pro-football-reference.com/boxscores/201612250pit.htm?utm_source=direct&utm_medium=Share&utm_campaign=ShareTool
Jordan Berry,PIT,,,,,3,137,45.7,55,http://www.pro-football-reference.com/boxscores/201612250pit.htm?utm_source=direct&utm_medium=Share&utm_campaign=ShareTool
Brandon McManus,DEN,1,1,1,1,0,0,,0,http://www.pro-football-reference.com/boxscores/201612250kan.htm?utm_source=direct&utm_medium=Share&utm_campaign=ShareTool
Riley Dixon,DEN,,,,,7,326,46.6,61,http://www.pro-football-reference.com/boxscores/201612250kan.htm?utm_source=direct&utm_medium=Share&utm_campaign=ShareTool
Cairo Santos,KAN,3,4,2,3,0,0,,0,http://www.pro-football-reference.com/boxscores/201612250kan.htm?utm_source=direct&utm_medium=Share&utm_campaign=ShareTool
Dustin Colquitt,KAN,,,,,4,164,41.0,52,http://www.pro-football-reference.com/boxscores/201612250kan.htm?utm_source=direct&utm_medium=Share&utm_campaign=ShareTool
Matt Prater,DET,3,3,,1,0,0,,0,http://www.pro-football-reference.com/boxscores/201612260dal.htm?utm_source=direct&utm_medium=Share&utm_campaign=ShareTool
Sam Martin,DET,,,,,4,196,49.0,54,http://www.pro-football-reference.com/boxscores/201612260dal.htm?utm_source=direct&utm_medium=Share&utm_campaign=ShareTool
Dan Bailey,DAL,6,6,,,0,0,,0,http://www.pro-football-reference.com/boxscores/201612260dal.htm?utm_source=direct&utm_medium=Share&utm_campaign=ShareTool
Chris Jones,DAL,,,,,4,189,47.3,57,http://www.pro-football-reference.com/boxscores/201612260dal.htm?utm_source=direct&utm_medium=Share&utm_campaign=ShareTool
Cody Parkey,CLE,3,3,1,2,0,0,,0,http://www.pro-football-reference.com/boxscores/201701010pit.htm?utm_source=direct&utm_medium=Share&utm_campaign=ShareTool
Britton Colquitt,CLE,,,,,4,190,47.5,51,http://www.pro-football-reference.com/boxscores/201701010pit.htm?utm_source=direct&utm_medium=Share&utm_campaign=ShareTool
Chris Boswell,PIT,3,3,,,0,0,,0,http://www.pro-football-reference.com/boxscores/201701010pit.htm?utm_source=direct&utm_medium=Share&utm_campaign=ShareTool
Jordan Berry,PIT,,,,,8,368,46.0,64,http://www.pro-football-reference.com/boxscores/201701010pit.htm?utm_source=direct&utm_medium=Share&utm_campaign=ShareTool
Graham Gano,CAR,1,1,1,4,0,0,,0,http://www.pro-football-reference.com/boxscores/201701010tam.htm?utm_source=direct&utm_medium=Share&utm_campaign=ShareTool
Michael Palardy,CAR,,,,,4,164,41.0,47,http://www.pro-football-reference.com/boxscores/201701010tam.htm?utm_source=direct&utm_medium=Share&utm_campaign=ShareTool
Roberto Aguayo,TAM,2,2,1,3,0,0,,0,http://www.pro-football-reference.com/boxscores/201701010tam.htm?utm_source=direct&utm_medium=Share&utm_campaign=ShareTool
Bryan Anger,TAM,,,,,5,229,45.8,53,http://www.pro-football-reference.com/boxscores/201701010tam.htm?utm_source=direct&utm_medium=Share&utm_campaign=ShareTool
Nick Novak,HOU,2,2,1,2,0,0,,0,http://www.pro-football-reference.com/boxscores/201701010oti.htm?utm_source=direct&utm_medium=Share&utm_campaign=ShareTool
Shane Lechler,HOU,,,,,3,142,47.3,49,http://www.pro-football-reference.com/boxscores/201701010oti.htm?utm_source=direct&utm_medium=Share&utm_campaign=ShareTool
Ryan Succop,TEN,3,3,1,1,0,0,,0,http://www.pro-football-reference.com/boxscores/201701010oti.htm?utm_source=direct&utm_medium=Share&utm_campaign=ShareTool
Brett Kern,TEN,,,,,5,211,42.2,48,http://www.pro-football-reference.com/boxscores/201701010oti.htm?utm_source=direct&utm_medium=Share&utm_campaign=ShareTool
Dan Carpenter,BUF,1,1,1,1,0,0,,0,http://www.pro-football-reference.com/boxscores/201701010nyj.htm?utm_source=direct&utm_medium=Share&utm_campaign=ShareTool
Colton Schmidt,BUF,,,,,6,254,42.3,49,http://www.pro-football-reference.com/boxscores/201701010nyj.htm?utm_source=direct&utm_medium=Share&utm_campaign=ShareTool
Nick Folk,NYJ,3,3,3,3,0,0,,0,http://www.pro-football-reference.com/boxscores/201701010nyj.htm?utm_source=direct&utm_medium=Share&utm_campaign=ShareTool
Lac Edwards,NYJ,,,,,5,231,46.2,53,http://www.pro-football-reference.com/boxscores/201701010nyj.htm?utm_source=direct&utm_medium=Share&utm_campaign=ShareTool
Stephen Gostkowski,NWE,3,3,2,3,0,0,,0,http://www.pro-football-reference.com/boxscores/201701010mia.htm?utm_source=direct&utm_medium=Share&utm_campaign=ShareTool
Ryan Allen,NWE,,,,,3,146,48.7,56,http://www.pro-football-reference.com/boxscores/201701010mia.htm?utm_source=direct&utm_medium=Share&utm_campaign=ShareTool
Andrew Franks,MIA,2,2,,,0,0,,0,http://www.pro-football-reference.com/boxscores/201701010mia.htm?utm_source=direct&utm_medium=Share&utm_campaign=ShareTool
Matt Darr,MIA,,,,,5,206,41.2,53,http://www.pro-football-reference.com/boxscores/201701010mia.htm?utm_source=direct&utm_medium=Share&utm_campaign=ShareTool
Jason Myers,JAX,2,2,2,4,0,0,,0,http://www.pro-football-reference.com/boxscores/201701010clt.htm?utm_source=direct&utm_medium=Share&utm_campaign=ShareTool
Brad Nortman,JAX,,,,,4,188,47.0,52,http://www.pro-football-reference.com/boxscores/201701010clt.htm?utm_source=direct&utm_medium=Share&utm_campaign=ShareTool
Adam Vinatieri,IND,3,3,1,2,0,0,,0,http://www.pro-football-reference.com/boxscores/201701010clt.htm?utm_source=direct&utm_medium=Share&utm_campaign=ShareTool
Pat McAfee,IND,,,,,4,203,50.8,57,http://www.pro-football-reference.com/boxscores/201701010clt.htm?utm_source=direct&utm_medium=Share&utm_campaign=ShareTool
Connor Barth,CHI,1,1,1,1,0,0,,0,http://www.pro-football-reference.com/boxscores/201701010min.htm?utm_source=direct&utm_medium=Share&utm_campaign=ShareTool
Pat O'Donnell,CHI,,,,,3,143,47.7,54,http://www.pro-football-reference.com/boxscores/201701010min.htm?utm_source=direct&utm_medium=Share&utm_campaign=ShareTool
Kai Forbath,MIN,5,5,1,1,0,0,,0,http://www.pro-football-reference.com/boxscores/201701010min.htm?utm_source=direct&utm_medium=Share&utm_campaign=ShareTool
Jeff Locke,MIN,,,,,2,64,32.0,41,http://www.pro-football-reference.com/boxscores/201701010min.htm?utm_source=direct&utm_medium=Share&utm_campaign=ShareTool
Dan Bailey,DAL,1,1,2,2,0,0,,0,http://www.pro-football-reference.com/boxscores/201701010phi.htm?utm_source=direct&utm_medium=Share&utm_campaign=ShareTool
Chris Jones,DAL,,,,,4,195,48.8,66,http://www.pro-football-reference.com/boxscores/201701010phi.htm?utm_source=direct&utm_medium=Share&utm_campaign=ShareTool
Caleb Sturgis,PHI,3,3,2,3,0,0,,0,http://www.pro-football-reference.com/boxscores/201701010phi.htm?utm_source=direct&utm_medium=Share&utm_campaign=ShareTool
Donnie Jones,PHI,,,,,4,200,50.0,53,http://www.pro-football-reference.com/boxscores/201701010phi.htm?utm_source=direct&utm_medium=Share&utm_campaign=ShareTool
Justin Tucker,BAL,1,1,1,1,0,0,,0,http://www.pro-football-reference.com/boxscores/201701010cin.htm?utm_source=direct&utm_medium=Share&utm_campaign=ShareTool
Sam Koch,BAL,,,,,4,175,43.8,68,http://www.pro-football-reference.com/boxscores/201701010cin.htm?utm_source=direct&utm_medium=Share&utm_campaign=ShareTool
Randy Bullock,CIN,3,3,2,2,0,0,,0,http://www.pro-football-reference.com/boxscores/201701010cin.htm?utm_source=direct&utm_medium=Share&utm_campaign=ShareTool
Kevin Huber,CIN,,,,,5,247,49.4,63,http://www.pro-football-reference.com/boxscores/201701010cin.htm?utm_source=direct&utm_medium=Share&utm_campaign=ShareTool
Cairo Santos,KAN,4,4,3,3,0,0,,0,http://www.pro-football-reference.com/boxscores/201701010sdg.htm?utm_source=direct&utm_medium=Share&utm_campaign=ShareTool
Dustin Colquitt,KAN,,,,,1,44,44.0,44,http://www.pro-football-reference.com/boxscores/201701010sdg.htm?utm_source=direct&utm_medium=Share&utm_campaign=ShareTool
Josh Lambo,SDG,3,3,2,2,0,0,,0,http://www.pro-football-reference.com/boxscores/201701010sdg.htm?utm_source=direct&utm_medium=Share&utm_campaign=ShareTool
Drew Kaser,SDG,,,,,1,49,49.0,49,http://www.pro-football-reference.com/boxscores/201701010sdg.htm?utm_source=direct&utm_medium=Share&utm_campaign=ShareTool
Steven Hauschka,SEA,1,2,4,4,0,0,,0,http://www.pro-football-reference.com/boxscores/201701010sfo.htm?utm_source=direct&utm_medium=Share&utm_campaign=ShareTool
Jon Ryan,SEA,,,,,4,184,46.0,64,http://www.pro-football-reference.com/boxscores/201701010sfo.htm?utm_source=direct&utm_medium=Share&utm_campaign=ShareTool
Phil Dawson,SFO,3,3,,,0,0,,0,http://www.pro-football-reference.com/boxscores/201701010sfo.htm?utm_source=direct&utm_medium=Share&utm_campaign=ShareTool
Bradley Pinion,SFO,,,,,6,289,48.2,53,http://www.pro-football-reference.com/boxscores/201701010sfo.htm?utm_source=direct&utm_medium=Share&utm_campaign=ShareTool
Marquette King,OAK,,,,,8,452,56.5,68,http://www.pro-football-reference.com/boxscores/201701010den.htm?utm_source=direct&utm_medium=Share&utm_campaign=ShareTool
Brandon McManus,DEN,3,3,1,2,0,0,,0,http://www.pro-football-reference.com/boxscores/201701010den.htm?utm_source=direct&utm_medium=Share&utm_campaign=ShareTool
Riley Dixon,DEN,,,,,5,224,44.8,53,http://www.pro-football-reference.com/boxscores/201701010den.htm?utm_source=direct&utm_medium=Share&utm_campaign=ShareTool
Chandler Catanzaro,ARI,5,5,3,3,0,0,,0,http://www.pro-football-reference.com/boxscores/201701010ram.htm?utm_source=direct&utm_medium=Share&utm_campaign=ShareTool
Matt Wile,ARI,,,,,3,147,49.0,54,http://www.pro-football-reference.com/boxscores/201701010ram.htm?utm_source=direct&utm_medium=Share&utm_campaign=ShareTool
Johnny Hekker,LAR,,,,,7,337,48.1,73,http://www.pro-football-reference.com/boxscores/201701010ram.htm?utm_source=direct&utm_medium=Share&utm_campaign=ShareTool
Greg Zuerlein,LAR,,,2,2,0,0,,0,http://www.pro-football-reference.com/boxscores/201701010ram.htm?utm_source=direct&utm_medium=Share&utm_campaign=ShareTool
Wil Lutz,NOR,2,2,2,2,0,0,,0,http://www.pro-football-reference.com/boxscores/201701010atl.htm?utm_source=direct&utm_medium=Share&utm_campaign=ShareTool
Thomas Morstead,NOR,,,,,4,224,56.0,59,http://www.pro-football-reference.com/boxscores/201701010atl.htm?utm_source=direct&utm_medium=Share&utm_campaign=ShareTool
Matt Bryant,ATL,5,5,1,1,0,0,,0,http://www.pro-football-reference.com/boxscores/201701010atl.htm?utm_source=direct&utm_medium=Share&utm_campaign=ShareTool
Matthew Bosher,ATL,,,,,4,185,46.3,57,http://www.pro-football-reference.com/boxscores/201701010atl.htm?utm_source=direct&utm_medium=Share&utm_campaign=ShareTool
Robbie Gould,NYG,1,1,2,2,0,0,,0,http://www.pro-football-reference.com/boxscores/201701010was.htm?utm_source=direct&utm_medium=Share&utm_campaign=ShareTool
Brad Wing,NYG,,,,,8,363,45.4,55,http://www.pro-football-reference.com/boxscores/201701010was.htm?utm_source=direct&utm_medium=Share&utm_campaign=ShareTool
Dustin Hopkins,WAS,1,1,1,2,0,0,,0,http://www.pro-football-reference.com/boxscores/201701010was.htm?utm_source=direct&utm_medium=Share&utm_campaign=ShareTool
Tress Way,WAS,,,,,7,348,49.7,59,http://www.pro-football-reference.com/boxscores/201701010was.htm?utm_source=direct&utm_medium=Share&utm_campaign=ShareTool
Mason Crosby,GNB,2,3,1,1,0,0,,0,http://www.pro-football-reference.com/boxscores/201701010det.htm?utm_source=direct&utm_medium=Share&utm_campaign=ShareTool
Jake Schum,GNB,,,,,5,186,37.2,53,http://www.pro-football-reference.com/boxscores/201701010det.htm?utm_source=direct&utm_medium=Share&utm_campaign=ShareTool
Matt Prater,DET,3,3,1,2,0,0,,0,http://www.pro-football-reference.com/boxscores/201701010det.htm?utm_source=direct&utm_medium=Share&utm_campaign=ShareTool
Sam Martin,DET,,,,,4,200,50.0,56,http://www.pro-football-reference.com/boxscores/201701010det.htm?utm_source=direct&utm_medium=Share&utm_campaign=ShareTool
