Joplo Bartu,LB,ACT,1
Justin Bethel,DB,ACT,1
Evan Boehm,OL,ACT,1
Taylor Boggs,OL,ACT,1
Elie Bouka,DB,RES,1
Tyvon Branch,DB,RES,1
Aaron Brewer,OL,ACT,1
Jaron Brown,WR,RES,1
John Brown,WR,ACT,1
Christian Bryant,DB,ACT,1
Deone Bucannon,LB,ACT,1
Calais Campbell,DL,ACT,1
Chandler Catanzaro,K,ACT,1
Marcus Cooper,DB,ACT,1
Andre Ellington,RB,ACT,1
Darren Fells,TE,ACT,1
Larry Fitzgerald,WR,ACT,1
Michael Floyd,WR,ACT,1
Alani Fua,LB,RES,1
Brittan Golden,WR,ACT,1
Markus Golden,LB,ACT,1
Jermaine Gresham,TE,ACT,1
Rodney Gunter,DL,ACT,1
Chris Hubert,WR,ACT,1
D.J. Humphries,OL,ACT,1
Mike Iupati,OL,ACT,1
Tony Jefferson,DB,ACT,1
Mike Jenkins,DB,RES,1
Ulrick John,OL,ACT,1
Chris Johnson,RB,RES,1
David Johnson,RB,ACT,1
Chandler Jones,LB,ACT,1
Gabe Martin,LB,ACT,1
Kareem Martin,LB,ACT,1
Tyrann Mathieu,DB,ACT,1
Evan Mathis,OL,RES,1
Josh Mauro,DL,ACT,1
Kevin Minter,LB,ACT,1
Ifeanyi Momah,TE,RES,1
J.J. Nelson,WR,ACT,1
Troy Niklas,TE,RES,1
Robert Nkemdiche,DL,ACT,1
Alex Okafor,LB,ACT,1
Carson Palmer,QB,ACT,1
Corey Peters,DL,ACT,1
Patrick Peterson,DB,ACT,1
Olsen Pierre,DL,ACT,1
Ryan Quigley,P,ACT,1
Frostee Rucker,DL,ACT,1
A.Q. Shipley,OL,ACT,1
Tharold Simon,DB,ACT,1
Drew Stanton,QB,ACT,1
Ed Stinson,DL,ACT,1
D.J. Swearinger,DB,ACT,1
Stepfan Taylor,RB,ACT,1
Cole Toner,OL,ACT,1
Hakeem Valles,TE,ACT,1
Jared Veldheer,OL,RES,1
Earl Watford,OL,ACT,1
John Wetzel,OL,ACT,1
Brandon Williams,DB,ACT,1
Kerwynn Williams,RB,ACT,1
Xavier Williams,DL,ACT,1
Robert Alford,DB,ACT,2
Ricardo Allen,DB,ACT,2
Jonathan Babineaux,DL,ACT,2
Vic Beasley,LB,ACT,2
Matt Bosher,P,ACT,2
Matt Bryant,K,ACT,2
De'Vondre Campbell,LB,ACT,2
Chris Chester,OL,ACT,2
Adrian Clayborn,DL,ACT,2
Tevin Coleman,RB,ACT,2
Jalen Collins,DB,ACT,2
Tom Compton,OL,ACT,2
Patrick DiMarco,RB,ACT,2
Devonta Freeman,RB,ACT,2
Dwight Freeney,DL,ACT,2
Devin Fuller,WR,RES,2
Taylor Gabriel,WR,ACT,2
Ben Garland,OL,ACT,2
C.J. Goodwin,DB,ACT,2
Ra'Shede Hageman,DL,ACT,2
Justin Hardy,WR,ACT,2
Josh Harris,OL,ACT,2
Austin Hooper,TE,ACT,2
Kemal Ishmael,DB,ACT,2
Tyson Jackson,DL,ACT,2
Grady Jarrett,DL,ACT,2
Deion Jones,LB,ACT,2
Julio Jones,WR,ACT,2
Akeem King,DB,RES,2
Andy Levitre,OL,ACT,2
Alex Mack,OL,ACT,2
Cliff Matthews,DL,ACT,2
Jake Matthews,OL,ACT,2
Chris Mayes,DL,RES,2
Keanu Neal,DB,ACT,2
Sharrod Neasman,DB,ACT,2
Josh Perkins,TE,ACT,2
Brian Poole,DB,ACT,2
Brooks Reed,DL,ACT,2
LaRoy Reynolds,LB,ACT,2
Stevan Ridley,RB,ACT,2
Aldrick Robinson,WR,ACT,2
Matt Ryan,QB,ACT,2
Mohamed Sanu,WR,ACT,2
Matt Schaub,QB,ACT,2
Ryan Schraeder,OL,ACT,2
Wes Schweitzer,OL,ACT,2
Derrick Shelby,DL,RES,2
Tyler Starr,LB,RES,2
Jacob Tamme,TE,ACT,2
Robenson Therezie,DB,ACT,2
Levine Toilolo,TE,ACT,2
Desmond Trufant,DB,ACT,2
Courtney Upshaw,DL,ACT,2
Terron Ward,RB,ACT,2
Sean Weatherspoon,LB,RES,2
Eric Weems,WR,ACT,2
Philip Wheeler,LB,ACT,2
Paul Worrilow,LB,ACT,2
Kamar Aiken,WR,ACT,3
Javorius Allen,RB,ACT,3
Kyle Arrington,DB,RES,3
Nick Boyle,TE,SUS,3
Maurice Canady,DB,RES,3
Kaelin Clay,WR,RES,3
Kamalei Correa,LB,ACT,3
Morgan Cox,OL,ACT,3
Robertson Daniel,DB,ACT,3
Carl Davis,DL,RES,3
Will Davis,DB,ACT,3
Kenneth Dixon,RB,ACT,3
Vladimir Ducasse,OL,ACT,3
Elvis Dumervil,LB,ACT,3
Matt Elam,DB,RES,3
Joe Flacco,QB,ACT,3
Crockett Gillmore,TE,ACT,3
Lawrence Guy,DL,ACT,3
Willie Henry,DL,ACT,3
Devin Hester,WR,ACT,3
Marqueston Huff,DB,ACT,3
James Hurst,OL,ACT,3
Ryan Jensen,OL,ACT,3
Timmy Jernigan,DL,ACT,3
Matt Judon,LB,ACT,3
Kyle Juszczyk,RB,ACT,3
Bronson Kaufusi,DL,RES,3
Sam Koch,P,ACT,3
Anthony Levine,DB,ACT,3
Alex Lewis,OL,ACT,3
Kendrick Lewis,DB,RES,3
Cavellis Luckett,LB,RES,3
Ryan Mallett,QB,ACT,3
Chris Matthews,WR,RES,3
Albert McClellan,LB,ACT,3
Chris Moore,WR,ACT,3
C.J. Mosley,LB,ACT,3
Stephane Nembot,OL,RES,3
Patrick Onwuasor,LB,ACT,3
Zach Orr,LB,ACT,3
Breshad Perriman,WR,ACT,3
Michael Pierce,DL,ACT,3
Dennis Pitta,TE,ACT,3
Jerraud Powers,DB,ACT,3
Sheldon Price,DB,RES,3
Jumal Rolle,DB,RES,3
Jimmy Smith,DB,ACT,3
Steve Smith,WR,ACT,3
Za'Darius Smith,LB,ACT,3
Ronnie Stanley,OL,ACT,3
Terrell Suggs,LB,ACT,3
Lorenzo Taliaferro,RB,ACT,3
Justin Tucker,K,ACT,3
Brent Urban,DL,ACT,3
John Urschel,OL,ACT,3
Ricky Wagner,OL,ACT,3
Mike Wallace,WR,ACT,3
Darren Waller,TE,ACT,3
Benjamin Watson,TE,RES,3
Lardarius Webb,DB,ACT,3
Eric Weddle,DB,ACT,3
De'Ondre Wesley,OL,RES,3
Terrance West,RB,ACT,3
Brandon Williams,DL,ACT,3
Maxx Williams,TE,RES,3
Shareece Wright,DB,ACT,3
Marshal Yanda,OL,ACT,3
Tavon Young,DB,ACT,3
Jeremy Zuttah,OL,ACT,3
Lorenzo Alexander,LB,ACT,4
Colt Anderson,DB,RES,4
Blake Annen,TE,RES,4
Robert Blanton,DB,ACT,4
Preston Brown,LB,ACT,4
Sergio Brown,DB,ACT,4
Zach Brown,LB,ACT,4
Corbin Bryant,DL,ACT,4
Reggie Bush,RB,ACT,4
Dan Carpenter,K,ACT,4
Gerald Christian,TE,ACT,4
Charles Clay,TE,ACT,4
Ronald Darby,DB,ACT,4
Marcell Dareus,DL,ACT,4
Leger Douzable,DL,ACT,4
Jonathan Dowling,DB,RES,4
Marcus Easley,WR,PUP,4
IK Enemkpali,DL,RES,4
Jerome Felton,RB,ACT,4
Mike Gillislee,RB,ACT,4
Stephon Gilmore,DB,ACT,4
Cordy Glenn,OL,ACT,4
Marquise Goodwin,WR,ACT,4
Chris Gragg,TE,RES,4
Corey Graham,DB,ACT,4
Ryan Groy,OL,ACT,4
Percy Harvin,WR,ACT,4
Seantrel Henderson,OL,ACT,4
Jerry Hughes,LB,ACT,4
Ramon Humber,LB,ACT,4
Justin Hunter,WR,ACT,4
Richie Incognito,OL,ACT,4
Cardale Jones,QB,ACT,4
Cyrus Kouandjio,OL,ACT,4
Shaq Lawson,DL,ACT,4
Patrick Lewis,OL,ACT,4
EJ Manuel,QB,ACT,4
LeSean McCoy,RB,ACT,4
Lerentee McCray,LB,ACT,4
Jonathan Meeks,DB,ACT,4
John Miller,OL,ACT,4
Jordan Mills,OL,ACT,4
Nick O'Leary,TE,ACT,4
Walt Powell,WR,ACT,4
Reggie Ragland,LB,RES,4
Nickell Robey-Coleman,DB,ACT,4
Greg Salas,WR,RES,4
Garrison Sanborn,OL,ACT,4
Colton Schmidt,P,ACT,4
Kevon Seymour,DB,ACT,4
Brandon Spikes,LB,ACT,4
Brandon Tate,WR,ACT,4
Tyrod Taylor,QB,ACT,4
Phillip Thomas,DB,RES,4
Adolphus Washington,DL,ACT,4
Sammy Watkins,WR,RES,4
Corey White,DB,ACT,4
Aaron Williams,DB,RES,4
Jonathan Williams,RB,ACT,4
Kyle Williams,DL,ACT,4
Duke Williams,DB,ACT,4
Eric Wood,OL,ACT,4
Robert Woods,WR,ACT,4
Jerel Worthy,DL,ACT,4
Mario Addison,DL,ACT,5
Chas Alecxih,DL,RES,5
Derek Anderson,QB,ACT,5
Cameron Artis-Payne,RB,ACT,5
Kelvin Benjamin,WR,ACT,5
Brenton Bersin,WR,ACT,5
Tre Boston,DB,ACT,5
James Bradberry,DB,ACT,5
Corey Brown,WR,ACT,5
Vernon Butler,DL,ACT,5
LaRon Byrd,WR,RES,5
Jeremy Cash,LB,ACT,5
Kurt Coleman,DB,ACT,5
Thomas Davis,LB,ACT,5
Ryan Delaire,DL,RES,5
Ed Dickson,TE,ACT,5
Kony Ealy,DL,ACT,5
Devin Funchess,WR,ACT,5
Graham Gano,K,ACT,5
Ted Ginn,WR,ACT,5
Gino Gradkowski,OL,ACT,5
Shaq Green-Thompson,LB,ACT,5
Michael Griffin,DB,ACT,5
Donald Hawkins,OL,ACT,5
Wes Horton,DL,ACT,5
J.J. Jansen,OL,ACT,5
Charles Johnson,DL,ACT,5
Devon Johnson,RB,RES,5
Leonard Johnson,DB,ACT,5
Colin Jones,DB,ACT,5
Ryan Kalil,OL,ACT,5
A.J. Klein,LB,ACT,5
Luke Kuechly,LB,ACT,5
Andy Lee,P,ACT,5
Star Lotulelei,DL,ACT,5
Kyle Love,DL,ACT,5
Chris Manhertz,TE,ACT,5
Dean Marlowe,DB,RES,5
David Mayo,LB,ACT,5
Robert McClain,DB,ACT,5
Cam Newton,QB,ACT,5
Jared Norris,LB,ACT,5
Andrew Norwell,OL,ACT,5
Michael Oher,OL,ACT,5
Greg Olsen,TE,ACT,5
Mike Remmers,OL,ACT,5
Jordan Rigsbee,OL,RES,5
Zack Sanchez,DB,ACT,5
Chris Scott,OL,ACT,5
Kawann Short,DL,ACT,5
Scott Simonson,TE,ACT,5
Paul Soliai,DL,ACT,5
Jonathan Stewart,RB,ACT,5
Mike Tolbert,RB,ACT,5
Trai Turner,OL,ACT,5
Joe Webb,QB,ACT,5
Fozzy Whittaker,RB,ACT,5
Daryl Williams,OL,ACT,5
Teddy Williams,DB,RES,5
Daryl Worley,DB,ACT,5
Sam Acho,LB,ACT,6
Mike Adams,OL,ACT,6
Adrian Amos,DB,ACT,6
Matt Barkley,QB,ACT,6
Lamin Barrow,LB,RES,6
Connor Barth,K,ACT,6
DeVante Bausby,DB,ACT,6
Nick Becton,OL,RES,6
Josh Bellamy,WR,ACT,6
Brandon Boykin,DB,RES,6
Ben Braunecker,TE,ACT,6
Daniel Brown,TE,ACT,6
Jonathan Bullard,DL,ACT,6
Deon Bush,DB,ACT,6
Bryce Callahan,DB,ACT,6
Ka'Deem Carey,RB,ACT,6
Jay Cutler,QB,ACT,6
Cornelius Edison,OL,ACT,6
Ego Ferguson,DL,RES,6
Leonard Floyd,LB,ACT,6
Jerrell Freeman,LB,ACT,6
Kyle Fuller,DB,RES,6
Eddie Goldman,DL,ACT,6
Hroniss Grasu,OL,RES,6
Deiondre' Hall,DB,ACT,6
Akiem Hicks,DL,ACT,6
Lamarr Houston,LB,RES,6
DeAndre Houston-Carson,DB,ACT,6
Jordan Howard,RB,ACT,6
Brian Hoyer,QB,RES,6
Demontre Hurst,DB,ACT,6
Alshon Jeffery,WR,ACT,6
Christian Jones,LB,ACT,6
Harold Jones-Quartey,DB,ACT,6
Eric Kush,OL,ACT,6
Nick Kwiatkoski,LB,ACT,6
Jeremy Langford,RB,ACT,6
Ted Larsen,OL,ACT,6
Cre'von LeBlanc,DB,ACT,6
Charles Leno,OL,ACT,6
Kyle Long,OL,ACT,6
Danny Mason,LB,RES,6
Bobby Massie,OL,ACT,6
Sherrick McManis,DB,ACT,6
Pernell McPhee,LB,ACT,6
Cameron Meredith,WR,ACT,6
Zach Miller,TE,ACT,6
Pat O'Donnell,P,ACT,6
Logan Paulsen,TE,ACT,6
Tracy Porter,DB,ACT,6
Chris Prosinski,DB,ACT,6
Eddie Royal,WR,ACT,6
Patrick Scales,OL,ACT,6
Connor Shaw,QB,RES,6
Josh Sitton,OL,ACT,6
Will Sutton,DL,ACT,6
Deonte Thompson,WR,ACT,6
John Timu,LB,ACT,6
Danny Trevathan,LB,ACT,6
Mitch Unrein,DL,ACT,6
Cornelius Washington,DL,ACT,6
Kevin White,WR,RES,6
Cody Whitehair,OL,ACT,6
Marquess Wilson,WR,PUP,6
Willie Young,LB,ACT,6
Geno Atkins,DL,ACT,7
Giovani Bernard,RB,ACT,7
Andrew Billings,DL,RES,7
Russell Bodine,OL,ACT,7
Clint Boling,OL,ACT,7
Tyler Boyd,WR,ACT,7
Chykie Brown,DB,ACT,7
Vontaze Burfict,LB,ACT,7
Rex Burkhead,RB,ACT,7
Will Clarke,DL,ACT,7
Cody Core,WR,ACT,7
Andy Dalton,QB,ACT,7
Karlos Dansby,LB,ACT,7
Darqueze Dennard,DB,ACT,7
Jeff Driskel,QB,ACT,7
Carlos Dunlap,DL,ACT,7
Tyler Eifert,TE,ACT,7
Alex Erickson,WR,ACT,7
Clayton Fejedelem,DB,ACT,7
Jake Fisher,OL,ACT,7
Marquis Flowers,LB,ACT,7
A.J. Green,WR,ACT,7
Marcus Hardison,DL,RES,7
Clark Harris,OL,ACT,7
Ryan Hewitt,TE,ACT,7
Jeremy Hill,RB,ACT,7
Kevin Huber,P,ACT,7
Margus Hunt,DL,ACT,7
George Iloka,DB,ACT,7
William Jackson,DB,RES,7
T.J. Johnson,OL,ACT,7
Michael Johnson,DL,ACT,7
Adam Jones,DB,ACT,7
Dre Kirkpatrick,DB,ACT,7
Tyler Kroft,TE,ACT,7
Brandon LaFell,WR,ACT,7
Rey Maualuga,LB,ACT,7
AJ McCarron,QB,ACT,7
Mike Nugent,K,ACT,7
Cedric Ogbuehi,OL,ACT,7
Cedric Peerman,RB,RES,7
Domata Peko,DL,ACT,7
Vincent Rey,LB,ACT,7
KeiVarae Russell,DB,ACT,7
Josh Shaw,DB,ACT,7
Pat Sims,DL,ACT,7
Derron Smith,DB,ACT,7
Brandon Thompson,DL,PUP,7
C.J. Uzomah,TE,ACT,7
Nick Vigil,LB,ACT,7
Christian Westerman,OL,ACT,7
Andrew Whitworth,OL,ACT,7
DeShawn Williams,DL,ACT,7
Shawn Williams,DB,ACT,7
Eric Winston,OL,ACT,7
James Wright,WR,ACT,7
Kevin Zeitler,OL,ACT,7
Dominique Alexander,LB,ACT,8
George Atkinson,RB,ACT,8
Alvin Bailey,OL,ACT,8
Gary Barnidge,TE,ACT,8
Joel Bitonio,OL,RES,8
Briean Boddy-Calhoun,DB,ACT,8
Marcus Burley,DB,ACT,8
Joe Callahan,QB,ACT,8
Ibraheim Campbell,DB,ACT,8
Tank Carder,LB,ACT,8
Corey Coleman,WR,ACT,8
Shon Coleman,OL,ACT,8
Jamie Collins,LB,ACT,8
Britton Colquitt,P,ACT,8
Jonathan Cooper,OL,ACT,8
Xavier Cooper,DL,ACT,8
Isaiah Crowell,RB,ACT,8
Demario Davis,LB,ACT,8
Seth DeValve,TE,ACT,8
Spencer Drango,OL,ACT,8
Cameron Erving,OL,ACT,8
Josh Gordon,WR,SUS,8
John Greco,OL,ACT,8
Robert Griffin III,QB,RES,8
Joe Haden,DB,ACT,8
Rannell Hall,WR,RES,8
Andrew Hawkins,WR,ACT,8
Rashard Higgins,WR,ACT,8
Kevin Hogan,QB,ACT,8
Tyrone Holmes,DL,ACT,8
Tracy Howard,DB,ACT,8
Charley Hughlett,OL,ACT,8
Gabe Ikard,OL,ACT,8
Cam Johnson,LB,ACT,8
Duke Johnson,RB,ACT,8
Cody Kessler,QB,ACT,8
Derrick Kindred,DB,ACT,8
Christian Kirksey,LB,ACT,8
Nile Lawrence-Stample,DL,RES,8
Corey Lemonier,LB,ACT,8
Ricardo Louis,WR,ACT,8
Josh McCown,QB,ACT,8
Jamie Meder,DL,ACT,8
Patrick Murray,K,RES,8
Carl Nassib,DL,ACT,8
Rajion Neal,RB,RES,8
Emmanuel Ogbah,LB,ACT,8
Nate Orchard,LB,RES,8
Stephen Paea,DL,ACT,8
Cody Parkey,K,ACT,8
Dennis Parks,WR,RES,8
Austin Pasztor,OL,ACT,8
Jordan Payton,WR,ACT,8
Jordan Poyer,DB,RES,8
Terrelle Pryor,WR,ACT,8
Austin Reiter,OL,RES,8
Ed Reynolds,DB,ACT,8
Joe Schobert,LB,ACT,8
Danny Shelton,DL,ACT,8
Jamar Taylor,DB,ACT,8
Randall Telfer,TE,ACT,8
Joe Thomas,OL,ACT,8
Dan Vitale,RB,ACT,8
Tramon Williams,DB,ACT,8
Glenn Winston,RB,RES,8
Dylan Wynn,DL,RES,8
Dan Bailey,K,ACT,9
Darryl Baldwin,OL,RES,9
Cole Beasley,WR,ACT,9
Anthony Brown,DB,ACT,9
Chris Brown,WR,RES,9
Dez Bryant,WR,ACT,9
Brice Butler,WR,ACT,9
Brandon Carr,DB,ACT,9
Barry Church,DB,ACT,9
Morris Claiborne,DB,ACT,9
Emmett Cleary,OL,ACT,9
La'el Collins,OL,RES,9
Maliek Collins,DL,ACT,9
Jack Crawford,DL,ACT,9
Tyrone Crawford,DL,ACT,9
Ryan Davis,LB,ACT,9
Lance Dunbar,RB,ACT,9
Justin Durant,LB,ACT,9
Ezekiel Elliott,RB,ACT,9
Gavin Escobar,TE,ACT,9
Kavon Frazier,DB,ACT,9
Travis Frederick,OL,ACT,9
Doug Free,OL,ACT,9
Andrew Gachkar,LB,ACT,9
Chaz Green,OL,ACT,9
Randy Gregory,DL,SUS,9
James Hanna,TE,PUP,9
Jeff Heath,DB,ACT,9
Anthony Hitchens,LB,ACT,9
David Irving,DL,ACT,9
Darius Jackson,RB,ACT,9
Byron Jones,DB,ACT,9
Chris Jones,P,ACT,9
L.P. LaDouceur,OL,ACT,9
Demarcus Lawrence,DL,ACT,9
Ronald Leary,OL,ACT,9
Sean Lee,LB,ACT,9
Joe Looney,OL,ACT,9
Zack Martin,OL,ACT,9
Benson Mayowa,DL,ACT,9
Rolando McClain,LB,SUS,9
Terrell McClain,DL,ACT,9
Kellen Moore,QB,RES,9
Alfred Morris,RB,ACT,9
James Morris,LB,RES,9
Mark Nzeocha,LB,ACT,9
Dak Prescott,QB,ACT,9
Tony Romo,QB,ACT,9
Mark Sanchez,QB,ACT,9
Orlando Scandrick,DB,ACT,9
Keith Smith,RB,ACT,9
Tyron Smith,OL,ACT,9
Geoff Swaim,TE,ACT,9
Charles Tapper,DL,RES,9
Josh Thomas,DB,RES,9
Cedric Thornton,DL,ACT,9
Lucky Whitehead,WR,ACT,9
Kyle Wilber,LB,ACT,9
J.J. Wilcox,DB,ACT,9
Terrance Williams,WR,ACT,9
Damien Wilson,LB,ACT,9
Jason Witten,TE,ACT,9
C.J. Anderson,RB,RES,10
Zaire Anderson,LB,ACT,10
Shaquil Barrett,LB,ACT,10
Kapri Bibbs,RB,ACT,10
Devontae Booker,RB,ACT,10
Sam Brenner,OL,RES,10
Jared Crick,DL,ACT,10
Austin Davis,QB,ACT,10
Todd Davis,LB,ACT,10
A.J. Derby,TE,ACT,10
Riley Dixon,P,ACT,10
Lorenzo Doss,DB,ACT,10
James Ferentz,OL,ACT,10
Bennie Fowler,WR,ACT,10
Max Garcia,OL,ACT,10
Adam Gotsis,DL,ACT,10
Virgil Green,TE,ACT,10
Chris Harris,DB,ACT,10
Jeff Heuerman,TE,ACT,10
Andy Janovich,RB,ACT,10
Darius Kilgo,DL,ACT,10
Casey Kreiter,OL,ACT,10
Cody Latimer,WR,ACT,10
Paxton Lynch,QB,ACT,10
Brandon Marshall,LB,ACT,10
Connor McGovern,OL,ACT,10
Brandon McManus,K,ACT,10
Von Miller,LB,ACT,10
Corey Nelson,LB,ACT,10
Jordan Norwood,WR,ACT,10
Russell Okung,OL,ACT,10
Matt Paradis,OL,ACT,10
Will Parks,DB,ACT,10
John Phillips,TE,ACT,10
Shane Ray,LB,ACT,10
Bradley Roby,DB,ACT,10
Ty Sambrailo,OL,ACT,10
Emmanuel Sanders,WR,ACT,10
Michael Schofield,OL,ACT,10
Trevor Siemian,QB,ACT,10
Justin Simmons,DB,ACT,10
Donald Stephenson,OL,ACT,10
Darian Stewart,DB,ACT,10
Aqib Talib,DB,ACT,10
Jordan Taylor,WR,ACT,10
Demaryius Thomas,WR,ACT,10
Juwan Thompson,RB,ACT,10
Billy Turner,OL,ACT,10
Vance Walker,DL,RES,10
T.J. Ward,DB,ACT,10
DeMarcus Ware,LB,ACT,10
Dekoda Watson,LB,ACT,10
Kayvon Webster,DB,ACT,10
Sylvester Williams,DL,ACT,10
Billy Winn,DL,ACT,10
Derek Wolfe,DL,ACT,10
Ameer Abdullah,RB,RES,11
Ezekiel Ansah,DL,ACT,11
Thurston Armbrister,LB,ACT,11
Johnson Bademosi,DB,ACT,11
Johnthan Banks,DB,ACT,11
Adairius Barnes,DB,ACT,11
Anquan Boldin,WR,ACT,11
Jon Bostic,LB,RES,11
Armonty Bryant,LB,SUS,11
Michael Burton,RB,ACT,11
Rafael Bush,DB,ACT,11
Josh Bynes,LB,ACT,11
Don Carey,DB,ACT,11
Stefan Charles,DL,ACT,11
Brandon Copeland,LB,ACT,11
Joe Dahl,OL,ACT,11
Taylor Decker,OL,ACT,11
Quandre Diggs,DB,ACT,11
Eric Ebron,TE,ACT,11
Justin Forsett,RB,ACT,11
Corey Fuller,WR,PUP,11
Graham Glasgow,OL,ACT,11
Clay Harbor,TE,ACT,11
Kerry Hyder,DL,ACT,11
Marvin Jones,WR,ACT,11
Miles Killebrew,DB,ACT,11
Jimmy Landes,OL,RES,11
Nevin Lawson,DB,ACT,11
Khari Lee,TE,ACT,11
DeAndre Levy,LB,ACT,11
Cornelius Lucas,OL,ACT,11
Sam Martin,P,ACT,11
Don Muhlbach,OL,ACT,11
Matthew Mulligan,TE,ACT,11
Haloti Ngata,DL,ACT,11
Dan Orlovsky,QB,ACT,11
Brandon Pettigrew,TE,PUP,11
Matt Prater,K,ACT,11
Glover Quin,DB,ACT,11
Riley Reiff,OL,ACT,11
Theo Riddick,RB,ACT,11
Andre Roberts,WR,ACT,11
A'Shawn Robinson,DL,ACT,11
Corey Robinson,OL,ACT,11
Darius Slay,DB,ACT,11
Ryan Spadola,WR,RES,11
Matthew Stafford,QB,ACT,11
Travis Swanson,OL,ACT,11
Golden Tate,WR,ACT,11
Devin Taylor,DL,ACT,11
Khyri Thornton,DL,ACT,11
Laken Tomlinson,OL,ACT,11
Tyrunn Walker,DL,ACT,11
Larry Warford,OL,ACT,11
Dwayne Washington,RB,ACT,11
Ian Wells,DB,RES,11
Tahir Whitehead,LB,ACT,11
Cole Wick,TE,RES,11
Antwione Williams,LB,ACT,11
Tavon Wilson,DB,ACT,11
Timothy Wright,TE,RES,11
Zach Zenner,RB,ACT,11
Anthony Zettel,DL,ACT,11
Davante Adams,WR,ACT,12
Geronimo Allison,WR,ACT,12
David Bakhtiari,OL,ACT,12
Don Barclay,OL,ACT,12
Kentrell Brice,DB,ACT,12
Bryan Bulaga,OL,ACT,12
Morgan Burnett,DB,ACT,12
Kenny Clark,DL,ACT,12
Ha Ha Clinton-Dix,DB,ACT,12
Randall Cobb,WR,ACT,12
Jared Cook,TE,ACT,12
John Crockett,RB,RES,12
Mason Crosby,K,ACT,12
Mike Daniels,DL,ACT,12
Trevor Davis,WR,ACT,12
Makinton Dorleant,DB,RES,12
Jay Elliott,LB,ACT,12
Marwin Evans,DB,ACT,12
Kyler Fackrell,LB,ACT,12
Brett Goode,OL,ACT,12
Demetri Goodson,DB,ACT,12
Letroy Guion,DL,ACT,12
LaDarius Gunter,DB,ACT,12
Josh Hawkins,DB,ACT,12
Brett Hundley,QB,ACT,12
Micah Hyde,DB,ACT,12
Don Jackson,RB,ACT,12
Jeff Janis,WR,ACT,12
Datone Jones,DL,ACT,12
Tyler Kuder,DL,RES,12
Eddie Lacy,RB,RES,12
T.J. Lang,OL,ACT,12
Corey Linsley,OL,PUP,12
Dean Lowry,DL,ACT,12
Blake Martinez,LB,ACT,12
Clay Matthews,LB,ACT,12
Ty Montgomery,WR,ACT,12
Kyle Murphy,OL,ACT,12
Jordy Nelson,WR,ACT,12
Mike Pennel,DL,ACT,12
Julius Peppers,LB,ACT,12
Justin Perillo,TE,ACT,12
Nick Perry,LB,ACT,12
Damarious Randall,DB,ACT,12
Christian Ringo,DL,ACT,12
Aaron Ripkowski,RB,ACT,12
Aaron Rodgers,QB,ACT,12
Richard Rodgers,TE,ACT,12
Quinten Rollins,DB,ACT,12
Jake Ryan,LB,ACT,12
Jacob Schum,P,ACT,12
Sam Shields,DB,RES,12
Jason Spriggs,OL,ACT,12
James Starks,RB,ACT,12
Lane Taylor,OL,ACT,12
Joe Thomas,LB,ACT,12
JC Tretter,OL,ACT,12
Jermaine Whitehead,DB,ACT,12
Oday Aboushi,OL,ACT,13
Jeff Adams,OL,ACT,13
Jeff Allen,OL,ACT,13
Stephen Anderson,TE,ACT,13
Lonnie Ballentine,DB,ACT,13
Tony Bergstrom,OL,ACT,13
Alfred Blue,RB,ACT,13
A.J. Bouye,DB,ACT,13
Duane Brown,OL,ACT,13
Max Bullough,LB,ACT,13
Chris Clark,OL,ACT,13
Jadeveon Clowney,DL,ACT,13
Christian Covington,DL,ACT,13
Brian Cushing,LB,ACT,13
Quintin Demps,DB,ACT,13
Akeem Dent,LB,ACT,13
K.J. Dillon,DB,RES,13
Kurtis Drummond,DB,RES,13
Brandon Dunn,DL,ACT,13
Tyler Ervin,RB,ACT,13
Ka'imi Fairbairn,K,RES,13
C.J. Fiedorowicz,TE,ACT,13
Will Fuller,WR,ACT,13
Ryan Griffin,TE,ACT,13
Jonathan Grimes,RB,ACT,13
Andre Hal,DB,ACT,13
Joel Heath,DL,ACT,13
DeAndre Hopkins,WR,ACT,13
Kareem Jackson,DB,ACT,13
Charles James,DB,ACT,13
Kevin Johnson,DB,RES,13
Don Jones,DB,ACT,13
Johnathan Joseph,DB,ACT,13
Kendall Lamm,OL,ACT,13
Shane Lechler,P,ACT,13
Greg Mancz,OL,ACT,13
Nick Martin,OL,RES,13
Benardrick McKinney,LB,ACT,13
Whitney Mercilus,LB,ACT,13
Braxton Miller,WR,ACT,13
Lamar Miller,RB,ACT,13
Corey Moore,DB,ACT,13
Keith Mumphery,WR,ACT,13
Robert Nelson,DB,ACT,13
Derek Newton,OL,RES,13
Nick Novak,K,ACT,13
Brock Osweiler,QB,ACT,13
Brian Peters,LB,ACT,13
Eddie Pleasant,DB,ACT,13
Jay Prosch,RB,ACT,13
D.J. Reader,DL,ACT,13
Gerald Rivers,LB,RES,13
Tom Savage,QB,ACT,13
Brennan Scarlett,LB,RES,13
John Simon,LB,ACT,13
Antonio Smith,DL,ACT,13
Devon Still,DL,RES,13
Jaelen Strong,WR,ACT,13
Xavier Su'a-Filo,OL,ACT,13
Tony Washington,LB,RES,13
J.J. Watt,DL,RES,13
Brandon Weeden,QB,ACT,13
Jon Weeks,OL,ACT,13
Vince Wilfork,DL,ACT,13
Mike Adams,DB,ACT,14
Dwayne Allen,TE,ACT,14
Henry Anderson,DL,ACT,14
Akeem Ayers,LB,ACT,14
Austin Blythe,OL,ACT,14
Quan Bray,WR,RES,14
Darius Butler,DB,ACT,14
Isiah Cage,OL,RES,14
Chris Carter,LB,ACT,14
Anthony Castonzo,OL,ACT,14
Le'Raven Clark,OL,ACT,14
Trent Cole,LB,RES,14
Vontae Davis,DB,ACT,14
Phillip Dorsett,WR,ACT,14
Jack Doyle,TE,ACT,14
Lavar Edwards,DL,ACT,14
Matthias Farley,DB,ACT,14
Josh Ferguson,RB,ACT,14
Clayton Geathers,DB,ACT,14
Denzelle Good,OL,ACT,14
Frank Gore,RB,ACT,14
T.J. Green,DB,ACT,14
Joe Haeg,OL,ACT,14
Jonotthan Harrison,OL,ACT,14
T.Y. Hilton,WR,ACT,14
D'Qwell Jackson,LB,ACT,14
Edwin Jackson,LB,ACT,14
Arthur Jones,DL,ACT,14
Ryan Kelly,OL,ACT,14
Zach Kerr,DL,ACT,14
Kendall Langford,DL,ACT,14
Andrew Luck,QB,ACT,14
Curt Maggitt,LB,ACT,14
Robert Mathis,LB,ACT,14
Pat McAfee,P,ACT,14
Mike McFarland,TE,RES,14
T.Y. McGill,DL,ACT,14
Josh McNary,LB,ACT,14
Rashaan Melvin,DB,ACT,14
Jack Mewhort,OL,ACT,14
Donte Moncrief,WR,ACT,14
Antonio Morrison,LB,ACT,14
Matt Overton,OL,ACT,14
David Parry,DL,ACT,14
Joe Reitz,OL,ACT,14
Hassan Ridgeway,DL,ACT,14
Patrick Robinson,DB,ACT,14
Chester Rogers,WR,ACT,14
Tevaun Smith,WR,ACT,14
Devin Street,WR,ACT,14
Erik Swoope,TE,ACT,14
Hugh Thornton,OL,RES,14
Jordan Todman,RB,ACT,14
Scott Tolzien,QB,ACT,14
Robert Turbin,RB,ACT,14
Adam Vinatieri,K,ACT,14
Erik Walden,LB,ACT,14
Frankie Williams,DB,ACT,14
Andrew Williamson,DB,RES,14
Brandon Allen,QB,ACT,15
Tyson Alualu,DL,ACT,15
Prince Amukamara,DB,ACT,15
Richard Ash,DL,ACT,15
Kelvin Beachum,OL,ACT,15
Arrelious Benn,WR,ACT,15
Michael Bennett,DL,RES,15
Justin Blackmon,WR,SUS,15
Blake Bortles,QB,ACT,15
Luke Bowanko,OL,PUP,15
Arthur Brown,LB,ACT,15
A.J. Cann,OL,ACT,15
Aaron Colvin,DB,ACT,15
Johnathan Cyprien,DB,ACT,15
Sheldon Day,DL,ACT,15
Dante Fowler,DL,ACT,15
Tashaun Gipson,DB,ACT,15
Corey Grant,RB,ACT,15
Rashad Greene,WR,ACT,15
Bryce Harris,OL,ACT,15
Chad Henne,QB,ACT,15
Davon House,DB,ACT,15
Allen Hurns,WR,ACT,15
Chris Ivory,RB,ACT,15
Myles Jack,LB,ACT,15
Malik Jackson,DL,ACT,15
Luke Joeckel,OL,RES,15
Josh Johnson,DB,ACT,15
Abry Jones,DL,ACT,15
Ben Koyack,TE,ACT,15
Marqise Lee,WR,ACT,15
Marcedes Lewis,TE,ACT,15
Brandon Linder,OL,ACT,15
Sen'Derrick Marks,DL,ACT,15
Roy Miller,DL,RES,15
Jason Myers,K,ACT,15
Yannick Ngakoue,DL,ACT,15
Brad Nortman,P,ACT,15
Jared Odrick,DL,ACT,15
Patrick Omameh,OL,ACT,15
Jermey Parnell,OL,ACT,15
Paul Posluszny,LB,ACT,15
Hayes Pullard,LB,ACT,15
Jalen Ramsey,DB,ACT,15
Christopher Reed,OL,ACT,15
Allen Robinson,WR,ACT,15
Denard Robinson,RB,ACT,15
James Sample,DB,RES,15
Tyler Shatley,OL,ACT,15
Dan Skuta,LB,ACT,15
Chris Smith,DL,ACT,15
Telvin Smith,LB,ACT,15
Neal Sterling,TE,ACT,15
Julius Thomas,TE,ACT,15
Peyton Thompson,DB,ACT,15
Carson Tinker,OL,ACT,15
Bryan Walters,WR,ACT,15
Josh Wells,OL,RES,15
Jarrod Wilson,DB,ACT,15
Jonathan Woodard,DL,PUP,15
T.J. Yeldon,RB,ACT,15
Kenneth Acker,DB,ACT,16
D.J. Alexander,LB,ACT,16
Allen Bailey,DL,RES,16
Eric Berry,DB,ACT,16
Tyler Bray,QB,ACT,16
Jamaal Charles,RB,RES,16
Dustin Colquitt,P,ACT,16
Chris Conley,WR,ACT,16
Kenny Cook,WR,RES,16
Jordan Devey,OL,ACT,16
Laurent Duvernay-Tardif,OL,ACT,16
Parker Ehinger,OL,ACT,16
Eric Fisher,OL,ACT,16
Nick Foles,QB,ACT,16
Dee Ford,LB,ACT,16
Zach Fulton,OL,ACT,16
Phillip Gaines,DB,ACT,16
Tamba Hali,LB,ACT,16
Demetrius Harris,TE,ACT,16
Vernon Harris,DB,RES,16
Tyreek Hill,WR,ACT,16
Justin Houston,LB,PUP,16
Jaye Howard,DL,ACT,16
Derrick Johnson,LB,ACT,16
Chris Jones,DL,ACT,16
Travis Kelce,TE,ACT,16
Jeremy Maclin,WR,ACT,16
Justin March-Lillard,LB,RES,16
Josh Mauga,LB,RES,16
Trey Millard,RB,RES,16
Terrance Mitchell,DB,ACT,16
Mitch Morse,OL,ACT,16
Eric Murray,DB,ACT,16
Steven Nelson,DB,ACT,16
Dadi Nicolas,LB,ACT,16
Rakeem Nunez-Roches,DL,ACT,16
James O'Shaughnessy,TE,ACT,16
Ron Parker,DB,ACT,16
Mike Person,OL,ACT,16
Marcus Peters,DB,ACT,16
Dontari Poe,DL,ACT,16
Jah Reid,OL,ACT,16
Kendall Reyes,DL,ACT,16
Demarcus Robinson,WR,ACT,16
Bishop Sankey,RB,ACT,16
Cairo Santos,K,ACT,16
Mitchell Schwartz,OL,ACT,16
Anthony Sherman,RB,ACT,16
Alex Smith,QB,ACT,16
Terrance Smith,LB,ACT,16
Daniel Sorensen,DB,ACT,16
De'Anthony Thomas,WR,ACT,16
Ross Travis,TE,ACT,16
Spencer Ware,RB,ACT,16
Charcandrick West,RB,ACT,16
D.J. White,DB,ACT,16
Albert Wilson,WR,ACT,16
Ramik Wilson,LB,ACT,16
James Winchester,OL,ACT,16
Bryan Witzmann,OL,ACT,16
Frank Zombo,LB,ACT,16
Maurice Alexander,DB,ACT,17
Tavon Austin,WR,ACT,17
Tim Barnes,OL,ACT,17
Mark Barron,LB,ACT,17
Kenny Britt,WR,ACT,17
Michael Brockers,DL,ACT,17
Jamon Brown,OL,ACT,17
Malcolm Brown,RB,ACT,17
Marqui Christian,DB,ACT,17
Pharoh Cooper,WR,ACT,17
Benny Cunningham,RB,ACT,17
Cody Davis,DB,ACT,17
Aaron Donald,DL,ACT,17
Andrew Donnal,OL,ACT,17
Dominique Easley,DL,ACT,17
Josh Forrest,LB,ACT,17
E.J. Gaines,DB,ACT,17
Jared Goff,QB,ACT,17
Dwayne Gratz,DB,ACT,17
Todd Gurley,RB,ACT,17
Bryce Hager,LB,ACT,17
Cory Harkey,TE,ACT,17
Rob Havenstein,OL,ACT,17
William Hayes,DL,ACT,17
Johnny Hekker,P,ACT,17
Temarrick Hemingway,TE,ACT,17
Tyler Higbee,TE,ACT,17
Troy Hill,DB,ACT,17
Trumaine Johnson,DB,ACT,17
Lamarcus Joyner,DB,ACT,17
Case Keenum,QB,ACT,17
Lance Kendricks,TE,ACT,17
Zach Laskey,RB,RES,17
Cory Littleton,LB,ACT,17
Matt Longacre,DL,ACT,17
Sean Mannion,QB,ACT,17
Bradley Marquez,WR,ACT,17
T.J. McDonald,DB,ACT,17
Jake McQuaide,OL,ACT,17
Pace Murphy,OL,ACT,17
Marquez North,WR,RES,17
Alec Ogletree,LB,ACT,17
Brian Quick,WR,ACT,17
Robert Quinn,DL,ACT,17
Brian Randolph,DB,RES,17
Chase Reynolds,RB,ACT,17
Demetrius Rhaney,OL,ACT,17
Greg Robinson,OL,ACT,17
Rodger Saffold,OL,ACT,17
Eugene Sims,DL,ACT,17
Nelson Spruce,WR,ACT,17
Cam Thomas,DL,ACT,17
Mike Thomas,WR,ACT,17
Louis Trinca-Pasat,DL,RES,17
Ethan Westbrooks,DL,ACT,17
Cody Wichmann,OL,ACT,17
Darrell Williams,OL,RES,17
Greg Zuerlein,K,ACT,17
Isa Abdul-Quddus,DB,ACT,18
Walt Aikens,DB,ACT,18
Jay Ajayi,RB,ACT,18
Branden Albert,OL,ACT,18
Kiko Alonso,LB,ACT,18
Bene' Benwikere,DB,ACT,18
Andre Branch,DL,ACT,18
Jermon Bushrod,OL,ACT,18
Donald Butler,LB,ACT,18
Jordan Cameron,TE,ACT,18
Leonte Carroo,WR,ACT,18
Chimdi Chekwa,DB,ACT,18
Chris Culliver,DB,PUP,18
Matt Darr,P,ACT,18
John Denney,OL,ACT,18
Kenyan Drake,RB,ACT,18
Ifo Ekpre-Olomu,DB,RES,18
Terrence Fede,DL,ACT,18
Andrew Franks,K,ACT,18
Jakeem Grant,WR,ACT,18
MarQueis Gray,TE,ACT,18
Neville Hewitt,LB,ACT,18
Xavien Howard,DB,ACT,18
Mike Hull,LB,ACT,18
Ja'Wuan James,OL,ACT,18
Jelani Jenkins,LB,ACT,18
Chris Jones,DL,ACT,18
Dominique Jones,TE,ACT,18
Jason Jones,DL,ACT,18
Reshad Jones,DB,RES,18
Jarvis Landry,WR,ACT,18
Tony Lippett,DB,ACT,18
Jordan Lucas,DB,ACT,18
Byron Maxwell,DB,ACT,18
Bobby McCain,DB,ACT,18
Koa Misi,LB,RES,18
Earl Mitchell,DL,RES,18
Matt Moore,QB,ACT,18
Leon Orr,DL,ACT,18
DeVante Parker,WR,ACT,18
Spencer Paysinger,LB,ACT,18
Jordan Phillips,DL,ACT,18
Mike Pouncey,OL,ACT,18
Bacarri Rambo,DB,ACT,18
Dion Sims,TE,ACT,18
Anthony Steen,OL,ACT,18
Kenny Stills,WR,ACT,18
Ndamukong Suh,DL,ACT,18
Ryan Tannehill,QB,ACT,18
Michael Thomas,DB,ACT,18
Laremy Tunsil,OL,ACT,18
Kraig Urbik,OL,ACT,18
Cameron Wake,DL,ACT,18
Damien Williams,RB,ACT,18
Mario Williams,DL,ACT,18
Nick Williams,DL,ACT,18
Sam Young,OL,ACT,18
Mackensie Alexander,DB,ACT,19
Matt Asiata,RB,ACT,19
Anthony Barr,LB,ACT,19
Willie Beavers,OL,ACT,19
Joe Berger,OL,ACT,19
Alex Boone,OL,ACT,19
Sam Bradford,QB,ACT,19
Teddy Bridgewater,QB,RES,19
Kentrell Brothers,LB,ACT,19
T.J. Clemmings,OL,ACT,19
Audie Cole,LB,ACT,19
Scott Crichton,DL,RES,19
Stefon Diggs,WR,ACT,19
Nick Easton,OL,ACT,19
Rhett Ellison,TE,ACT,19
Antone Exum,DB,RES,19
Sharrif Floyd,DL,ACT,19
Brandon Fusco,OL,ACT,19
Chad Greenway,LB,ACT,19
Everson Griffen,DL,ACT,19
Anthony Harris,DB,ACT,19
Shaun Hill,QB,ACT,19
Ronnie Hillman,RB,ACT,19
Danielle Hunter,DL,ACT,19
Charles Johnson,WR,ACT,19
Tom Johnson,DL,ACT,19
Linval Joseph,DL,ACT,19
Matt Kalil,OL,RES,19
Jayron Kearse,DB,ACT,19
Eric Kendricks,LB,ACT,19
Zac Kerin,OL,ACT,19
Emmanuel Lamur,LB,ACT,19
Zach Line,RB,ACT,19
Jeff Locke,P,ACT,19
Jake Long,OL,ACT,19
Kevin McDermott,OL,ACT,19
Jerick McKinnon,RB,ACT,19
David Morgan,TE,ACT,19
Captain Munnerlyn,DB,ACT,19
Terence Newman,DB,ACT,19
Cordarrelle Patterson,WR,ACT,19
Adrian Peterson,RB,RES,19
Jabari Price,DB,RES,19
MyCole Pruitt,TE,ACT,19
Xavier Rhodes,DB,ACT,19
Edmond Robinson,LB,ACT,19
Brian Robison,DL,ACT,19
Kyle Rudolph,TE,ACT,19
Andrew Sendejo,DB,ACT,19
Marcus Sherels,DB,ACT,19
Jeremiah Sirles,OL,ACT,19
Andre Smith,OL,RES,19
Harrison Smith,DB,ACT,19
Shamar Stephen,DL,ACT,19
Adam Thielen,WR,ACT,19
Justin Trattou,DL,ACT,19
Laquon Treadwell,WR,ACT,19
Blair Walsh,K,ACT,19
Trae Waynes,DB,ACT,19
Jarius Wright,WR,ACT,19
Ryan Allen,P,ACT,20
Danny Amendola,WR,ACT,20
David Andrews,OL,ACT,20
Martellus Bennett,TE,ACT,20
LeGarrette Blount,RB,ACT,20
Brandon Bolden,RB,ACT,20
Tom Brady,QB,ACT,20
Alan Branch,DL,ACT,20
Jacoby Brissett,QB,RES,20
Malcom Brown,DL,ACT,20
Malcolm Butler,DB,ACT,20
Marcus Cannon,OL,ACT,20
Joe Cardona,OL,ACT,20
Patrick Chung,DB,ACT,20
Justin Coleman,DB,ACT,20
James Develin,RB,ACT,20
Nate Ebner,DB,ACT,20
Julian Edelman,WR,ACT,20
Cameron Fleming,OL,ACT,20
Trey Flowers,DL,ACT,20
D.J. Foster,RB,ACT,20
Jonathan Freeny,LB,RES,20
Tyler Gaffney,RB,ACT,20
Jimmy Garoppolo,QB,ACT,20
Stephen Gostkowski,K,ACT,20
Geneo Grissom,LB,ACT,20
Rob Gronkowski,TE,ACT,20
Woodrow Hamilton,DL,ACT,20
Duron Harmon,DB,ACT,20
Dont'a Hightower,LB,ACT,20
Chris Hogan,WR,ACT,20
Tre Jackson,OL,PUP,20
Cyrus Jones,DB,ACT,20
Jonathan Jones,DB,ACT,20
Ted Karras,OL,ACT,20
Brandon King,DB,ACT,20
Matt Lengel,TE,ACT,20
Dion Lewis,RB,PUP,20
Chris Long,DL,ACT,20
Shaq Mason,OL,ACT,20
Shea McClellin,LB,ACT,20
Devin McCourty,DB,ACT,20
Barkevious Mingo,LB,ACT,20
Malcolm Mitchell,WR,ACT,20
Rob Ninkovich,LB,ACT,20
Jordan Richards,DB,ACT,20
Elandon Roberts,LB,ACT,20
Eric Rowe,DB,ACT,20
Logan Ryan,DB,ACT,20
Greg Scruggs,TE,RES,20
Jabaal Sheard,DL,ACT,20
Matthew Slater,WR,ACT,20
Nate Solder,OL,ACT,20
Joe Thuney,OL,ACT,20
Vincent Valentine,DL,ACT,20
Kyle Van Noy,LB,ACT,20
Sebastian Vollmer,OL,PUP,20
LaAdrian Waddle,OL,ACT,20
James White,RB,ACT,20
Michael Williams,TE,RES,20
Stephone Anthony,LB,ACT,21
Terron Armstead,OL,ACT,21
Khalif Barnes,OL,ACT,21
Vonn Bell,DB,ACT,21
Delvin Breaux,DB,ACT,21
Drew Brees,QB,ACT,21
Jairus Byrd,DB,ACT,21
Travaris Cadet,RB,ACT,21
Brandon Coleman,WR,ACT,21
Brandin Cooks,WR,ACT,21
Ken Crawley,DB,ACT,21
Tyeler Davison,DL,ACT,21
Brian Dixon,DB,ACT,21
Justin Drescher,OL,ACT,21
Kasim Edebali,DL,ACT,21
Dannell Ellerbe,LB,ACT,21
Jahri Evans,OL,ACT,21
Nick Fairley,DL,ACT,21
Coby Fleener,TE,ACT,21
Obum Gwacham,DL,RES,21
Roman Harper,DB,ACT,21
De'Vante Harris,DB,ACT,21
Erik Harris,DB,RES,21
Tim Hightower,RB,ACT,21
Josh Hill,TE,ACT,21
Tony Hills,OL,ACT,21
Michael Hoomanawanui,TE,RES,21
Mark Ingram,RB,ACT,21
John Jenkins,DL,ACT,21
Cameron Jordan,DL,ACT,21
Senio Kelemete,OL,ACT,21
Hau'oli Kikaha,LB,PUP,21
Paul Kruger,DL,ACT,21
John Kuhn,RB,ACT,21
Jake Lampman,WR,ACT,21
Daniel Lasco,RB,ACT,21
James Laurinaitis,LB,ACT,21
Tim Lelito,OL,ACT,21
Tommylee Lewis,WR,ACT,21
Wil Lutz,K,ACT,21
Michael Mauti,LB,ACT,21
Luke McCown,QB,ACT,21
Sterling Moore,DB,ACT,21
Thomas Morstead,P,ACT,21
Marcus Murphy,RB,ACT,21
David Onyemata,DL,ACT,21
Andrus Peat,OL,ACT,21
D.J. Pettway,DL,RES,21
Jimmy Pruitt,DB,RES,21
Sheldon Rankins,DL,RES,21
Craig Robertson,LB,ACT,21
Jamarca Sanford,DB,RES,21
Willie Snead,WR,ACT,21
Zach Strief,OL,ACT,21
Nate Stupar,LB,ACT,21
Damian Swann,DB,RES,21
Darryl Tapp,DL,ACT,21
Michael Thomas,WR,ACT,21
Landon Turner,OL,ACT,21
Max Unger,OL,ACT,21
Kenny Vaccaro,DB,ACT,21
B.W. Webb,DB,ACT,21
P.J. Williams,DB,RES,21
Kyle Wilson,DB,RES,21
Andrew Adams,DB,ACT,22
Jerell Adams,TE,ACT,22
Eli Apple,DB,ACT,22
Will Beatty,OL,ACT,22
Odell Beckham,WR,ACT,22
Nat Berhe,DB,ACT,22
Jay Bromley,DL,ACT,22
Jonathan Casillas,LB,ACT,22
Landon Collins,DB,ACT,22
Victor Cruz,WR,ACT,22
Orleans Darkwa,RB,ACT,22
Zak DeOssie,OL,ACT,22
Larry Donnell,TE,ACT,22
Ben Edwards,WR,RES,22
Ereck Flowers,OL,ACT,22
B.J. Goodson,LB,ACT,22
Robbie Gould,K,ACT,22
Leon Hall,DB,ACT,22
Johnathan Hankins,DL,ACT,22
Dwayne Harris,WR,ACT,22
Damon Harrison,DL,ACT,22
Bobby Hart,OL,ACT,22
Mark Herzlich,LB,ACT,22
Janoris Jenkins,DB,ACT,22
Rashad Jennings,RB,ACT,22
John Jerry,OL,ACT,22
Josh Johnson,QB,ACT,22
Will Johnson,RB,RES,22
Brett Jones,OL,ACT,22
Devon Kennard,LB,ACT,22
Tavarres King,WR,ACT,22
Matt LaCosse,TE,RES,22
Roger Lewis,WR,ACT,22
Eli Manning,QB,ACT,22
Ryan Nassib,QB,ACT,22
Marshall Newhouse,OL,ACT,22
Owa Odighizuwa,DL,ACT,22
Romeo Okwara,DL,ACT,22
Paul Perkins,RB,ACT,22
Jason Pierre-Paul,DL,ACT,22
Justin Pugh,OL,ACT,22
Bobby Rainey,RB,ACT,22
Weston Richburg,OL,ACT,22
Keenan Robinson,LB,ACT,22
Dominique Rodgers-Cromartie,DB,ACT,22
Coty Sensabaugh,DB,ACT,22
Sterling Shepard,WR,ACT,22
Kelvin Sheppard,LB,ACT,22
Deontae Skinner,LB,ACT,22
J.T. Thomas,LB,RES,22
Robert Thomas,DL,ACT,22
Darian Thompson,DB,ACT,22
Mykkele Thompson,DB,RES,22
Will Tye,TE,ACT,22
Uani' Unga,LB,RES,22
Shane Vereen,RB,RES,22
Olivier Vernon,DL,ACT,22
Trevin Wade,DB,ACT,22
Nikita Whitlock,RB,SUS,22
Brad Wing,P,ACT,22
Kerry Wynn,DL,ACT,22
Antonio Allen,DB,ACT,23
Robby Anderson,WR,ACT,23
Brandon Bostick,TE,ACT,23
Braedon Bowman,TE,RES,23
Juston Burris,DB,ACT,23
James Carpenter,OL,ACT,23
Bruce Carter,LB,ACT,23
Mike Catapano,LB,ACT,23
Ryan Clady,OL,ACT,23
Kellen Davis,TE,ACT,23
Titus Davis,WR,EXE,23
Eric Decker,WR,RES,23
Dakota Dozier,OL,ACT,23
Lac Edwards,P,ACT,23
Quincy Enunwa,WR,ACT,23
Ryan Fitzpatrick,QB,ACT,23
Nick Folk,K,ACT,23
Matt Forte,RB,ACT,23
Breno Giacomini,OL,ACT,23
Marcus Gilchrist,DB,ACT,23
Christian Hackenberg,QB,ACT,23
David Harris,LB,ACT,23
Ben Ijalana,OL,ACT,23
Jarvis Jenkins,DL,ACT,23
Jordan Jenkins,LB,ACT,23
Wesley Johnson,OL,ACT,23
Taiwan Jones,LB,ACT,23
Darron Lee,LB,ACT,23
Nick Mangold,OL,ACT,23
Brandon Marshall,WR,ACT,23
Jalin Marshall,WR,ACT,23
Nick Marshall,DB,ACT,23
Josh Martin,LB,ACT,23
Lorenzo Mauldin,LB,ACT,23
Steve McLendon,DL,ACT,23
Rontez Miles,DB,ACT,23
Romar Morris,RB,RES,23
Julien Obioha,DL,RES,23
Victor Ochi,LB,ACT,23
Charone Peake,WR,ACT,23
Bryce Petty,QB,ACT,23
Bilal Powell,RB,ACT,23
Calvin Pryor,DB,ACT,23
Tanner Purdum,OL,ACT,23
Brent Qvale,OL,ACT,23
Darrelle Revis,DB,ACT,23
Sheldon Richardson,DL,ACT,23
Darryl Roberts,DB,ACT,23
Austin Seferian-Jenkins,TE,ACT,23
Brandon Shell,OL,ACT,23
Deon Simon,DL,ACT,23
Buster Skrine,DB,ACT,23
Devin Smith,WR,PUP,23
Geno Smith,QB,RES,23
C.J. Spiller,RB,ACT,23
Julian Stanford,LB,ACT,23
Lawrence Thomas,DL,RES,23
Muhammad Wilkerson,DL,ACT,23
Leonard Williams,DL,ACT,23
Marcus Williams,DB,ACT,23
Brian Winters,OL,ACT,23
Vadal Alexander,OL,ACT,24
Nate Allen,DB,ACT,24
David Amerson,DB,ACT,24
Denico Autry,DL,ACT,24
Neiron Ball,LB,RES,24
Daren Bates,LB,ACT,24
Shilique Calhoun,LB,ACT,24
Derek Carr,QB,ACT,24
T.J. Carrie,DB,ACT,24
Jon Condo,OL,ACT,24
Connor Cook,QB,ACT,24
Amari Cooper,WR,ACT,24
Michael Crabtree,WR,ACT,24
Mario Edwards,DL,RES,24
SaQwan Edwards,DB,RES,24
Justin Ellis,DL,ACT,24
Jon Feliciano,OL,ACT,24
Antonio Hamilton,DB,ACT,24
D.J. Hayden,DB,ACT,24
Ben Heeney,LB,RES,24
Andre Holmes,WR,ACT,24
Gabe Holmes,TE,RES,24
Johnny Holton,WR,ACT,24
Austin Howard,OL,ACT,24
Rodney Hudson,OL,ACT,24
Bruce Irvin,LB,ACT,24
Gabe Jackson,OL,ACT,24
Cory James,LB,ACT,24
Sebastian Janikowski,K,ACT,24
Taiwan Jones,RB,ACT,24
Karl Joseph,DB,ACT,24
Marquette King,P,ACT,24
Denver Kirkland,OL,ACT,24
Darius Latham,DL,ACT,24
Khalil Mack,DL,ACT,24
Matt McCants,OL,ACT,24
Dexter McDonald,DB,ACT,24
Stacy McGee,DL,ACT,24
Keith McGill,DB,ACT,24
Matt McGloin,QB,ACT,24
Latavius Murray,RB,ACT,24
Reggie Nelson,DB,ACT,24
Ryan O'Malley,TE,ACT,24
Jamize Olawale,RB,ACT,24
Kelechi Osemele,OL,ACT,24
Donald Penn,OL,ACT,24
Jalen Richard,RB,ACT,24
Perry Riley,LB,ACT,24
Mychal Rivera,TE,ACT,24
Seth Roberts,WR,ACT,24
Aldon Smith,LB,SUS,24
Lee Smith,TE,RES,24
Malcolm Smith,LB,ACT,24
Sean Smith,DB,ACT,24
Brynden Trawick,DB,ACT,24
Clive Walford,TE,ACT,24
Jihad Ward,DL,ACT,24
DeAndre Washington,RB,ACT,24
Menelik Watson,OL,ACT,24
Dan Williams,DL,ACT,24
Nelson Agholor,WR,ACT,25
Beau Allen,DL,ACT,25
Josh Andrews,OL,ACT,25
Allen Barbre,OL,ACT,25
Kenjon Barner,RB,ACT,25
Connor Barwin,DL,ACT,25
Nigel Bradham,LB,ACT,25
Bryan Braman,DL,ACT,25
Brandon Brooks,OL,ACT,25
Ron Brooks,DB,RES,25
Terrence Brooks,DB,ACT,25
Trey Burton,TE,ACT,25
Nolan Carroll,DB,ACT,25
Brent Celek,TE,ACT,25
Fletcher Cox,DL,ACT,25
Vinny Curry,DL,ACT,25
Chase Daniel,QB,ACT,25
Jon Dorenbos,OL,ACT,25
Zach Ertz,TE,ACT,25
Najee Goode,LB,ACT,25
Dillon Gordon,OL,ACT,25
Brandon Graham,DL,ACT,25
Dorial Green-Beckham,WR,ACT,25
Kamu Grugier-Hill,LB,ACT,25
Taylor Hart,DL,ACT,25
Jordan Hicks,LB,ACT,25
Malcolm Jenkins,DB,ACT,25
Lane Johnson,OL,SUS,25
Donnie Jones,P,ACT,25
Jason Kelce,OL,ACT,25
Mychal Kendricks,LB,ACT,25
Bennie Logan,DL,ACT,25
Chris Maragos,DB,ACT,25
Ryan Mathews,RB,ACT,25
Jordan Matthews,WR,ACT,25
Alex McCalister,DL,RES,25
Leodis McKelvin,DB,ACT,25
Rodney McLeod,DB,ACT,25
Steven Means,DL,ACT,25
Jalen Mills,DB,ACT,25
Jason Peters,OL,ACT,25
Isaac Seumalo,OL,ACT,25
Wendell Smallwood,RB,ACT,25
C.J. Smith,DB,ACT,25
Marcus Smith,DL,ACT,25
Darren Sproles,RB,ACT,25
Caleb Sturgis,K,ACT,25
Matt Tobin,OL,ACT,25
Bryce Treggs,WR,ACT,25
Stephen Tulloch,LB,ACT,25
Destiny Vaeao,DL,ACT,25
Halapoulivaati Vaitai,OL,ACT,25
Joe Walker,LB,RES,25
Jaylen Watkins,DB,ACT,25
Carson Wentz,QB,ACT,25
Stefen Wisniewski,OL,ACT,25
Connor Wujciak,DL,RES,25
Cortez Allen,DB,RES,26
Kevin Anderson,LB,RES,26
Le'Veon Bell,RB,ACT,26
Jordan Berry,P,ACT,26
Chris Boswell,K,ACT,26
Antonio Brown,WR,ACT,26
Martavis Bryant,WR,SUS,26
Artie Burns,DB,ACT,26
Anthony Chickillo,LB,ACT,26
Sammie Coates,WR,ACT,26
Ross Cockrell,DB,ACT,26
Jordan Dangerfield,DB,ACT,26
Sean Davis,DB,ACT,26
David DeCastro,OL,ACT,26
Bud Dupree,LB,RES,26
B.J. Finney,OL,ACT,26
L.J. Fort,LB,ACT,26
Ramon Foster,OL,ACT,26
William Gay,DB,ACT,26
Justin Gilbert,DB,ACT,26
Marcus Gilbert,OL,ACT,26
Robert Golden,DB,ACT,26
Senquez Golson,DB,RES,26
Ladarius Green,TE,PUP,26
Xavier Grimble,TE,ACT,26
Cobi Hamilton,WR,ACT,26
Javon Hargrave,DL,ACT,26
Ryan Harris,OL,RES,26
James Harrison,LB,ACT,26
Jerald Hawkins,OL,RES,26
Cameron Heyward,DL,ACT,26
Darrius Heyward-Bey,WR,ACT,26
Chris Hubbard,OL,ACT,26
Jesse James,TE,ACT,26
David Johnson,TE,ACT,26
Steven Johnson,LB,ACT,26
Jarvis Jones,LB,ACT,26
Landry Jones,QB,ACT,26
Cole Manhart,OL,RES,26
Tyler Matakevich,LB,ACT,26
Ricardo Mathews,DL,ACT,26
Dan McCullers-Sanders,DL,ACT,26
Zach Mettenberger,QB,ACT,26
Brian Mihalik,OL,ACT,26
Mike Mitchell,DB,ACT,26
Arthur Moats,LB,ACT,26
Roosevelt Nix-Jones,RB,ACT,26
Maurkice Pouncey,OL,ACT,26
Ben Roethlisberger,QB,ACT,26
Eli Rogers,WR,ACT,26
Canaan Severin,WR,RES,26
Ryan Shazier,LB,ACT,26
Shamarko Thomas,DB,ACT,26
Lawrence Timmons,LB,ACT,26
Fitzgerald Toussaint,RB,ACT,26
Stephon Tuitt,DL,ACT,26
Valerian Ume-Ezeoke,OL,RES,26
Alejandro Villanueva,OL,ACT,26
Cody Wallace,OL,ACT,26
L.T. Walton,DL,ACT,26
Greg Warren,OL,ACT,26
Markus Wheaton,WR,ACT,26
DeAngelo Williams,RB,ACT,26
Vince Williams,LB,ACT,26
Jahleel Addae,DB,ACT,27
Keenan Allen,WR,RES,27
Jeremiah Attaochu,LB,ACT,27
Joe Barksdale,OL,ACT,27
Travis Benjamin,WR,ACT,27
Joey Bosa,DL,ACT,27
Jatavis Brown,LB,ACT,27
Tyreek Burwell,OL,ACT,27
Jeremy Butler,WR,ACT,27
Zamir Carlis,DL,RES,27
Donavon Clark,OL,RES,27
Kellen Clemens,QB,ACT,27
Asante Cleveland,TE,ACT,27
Jeff Cumberland,TE,RES,27
King Dunlap,OL,ACT,27
Nick Dzubnar,LB,RES,27
Kyle Emanuel,LB,ACT,27
Kenneth Farrow,RB,ACT,27
Brandon Flowers,DB,ACT,27
D.J. Fluker,OL,ACT,27
Orlando Franklin,OL,ACT,27
Antonio Gates,TE,ACT,27
Melvin Gordon,RB,ACT,27
Chris Hairston,OL,ACT,27
Casey Hayward,DB,ACT,27
Brock Hekking,LB,RES,27
Hunter Henry,TE,ACT,27
Javontee Herndon,WR,RES,27
Melvin Ingram,LB,ACT,27
Dontrelle Inman,WR,ACT,27
Steve Johnson,WR,RES,27
Tyler Johnstone,OL,RES,27
Drew Kaser,P,ACT,27
Josh Lambo,K,ACT,27
Chris Landrum,LB,ACT,27
Sean Lissemore,DL,RES,27
Corey Liuget,DL,ACT,27
Dwight Lowery,DB,ACT,27
Craig Mager,DB,ACT,27
Dexter McCluster,WR,ACT,27
Dexter McCoil,DB,ACT,27
Sean McGrath,TE,ACT,27
Brandon Mebane,DL,ACT,27
Branden Oliver,RB,RES,27
Tenny Palepoi,DL,ACT,27
Joshua Perry,LB,ACT,27
Denzel Perryman,LB,ACT,27
Adrian Phillips,DB,ACT,27
Darius Philon,DL,ACT,27
Spencer Pulley,OL,ACT,27
Caraun Reid,DL,RES,27
Philip Rivers,QB,ACT,27
Matt Slauson,OL,ACT,27
Damion Square,DL,ACT,27
Darrell Stuckey,DB,ACT,27
Manti Te'o,LB,RES,27
Korey Toomer,LB,ACT,27
Max Tuerk,OL,ACT,27
Jason Verrett,DB,RES,27
Chris Watt,OL,PUP,27
Derek Watt,RB,ACT,27
Griff Whalen,WR,ACT,27
Kenny Wiggins,OL,ACT,27
Steve Williams,DB,ACT,27
Tourek Williams,LB,ACT,27
Trevor Williams,DB,ACT,27
Tyrell Williams,WR,ACT,27
Mike Windt,OL,ACT,27
Danny Woodhead,RB,RES,27
Carlos Wray,DL,RES,27
Arik Armstead,DL,ACT,28
Ray-Ray Armstrong,LB,RES,28
Zane Beadles,OL,ACT,28
Blake Bell,TE,ACT,28
Nick Bellore,LB,ACT,28
Antoine Bethea,DB,ACT,28
Ronald Blair,DL,ACT,28
NaVorro Bowman,LB,RES,28
Tramaine Brock,DB,ACT,28
Ahmad Brooks,LB,ACT,28
Trent Brown,OL,ACT,28
DeForest Buckner,DL,ACT,28
Aaron Burbridge,WR,ACT,28
Tank Carradine,LB,ACT,28
Garrett Celek,TE,ACT,28
Marcus Cromartie,DB,ACT,28
Anthony Davis,OL,EXE,28
Chris Davis,DB,RES,28
Mike Davis,RB,ACT,28
Phil Dawson,K,ACT,28
Quinton Dial,DL,ACT,28
Glenn Dorsey,DL,ACT,28
Shaun Draughn,RB,ACT,28
Bruce Ellington,WR,RES,28
Blaine Gabbert,QB,ACT,28
Joshua Garnett,OL,ACT,28
Je'Ron Hamm,TE,ACT,28
Eli Harold,LB,ACT,28
DuJuan Harris,RB,ACT,28
Gerald Hodges,LB,ACT,28
Carlos Hyde,RB,ACT,28
Tony Jerod-Eddie,DL,ACT,28
Dontae Johnson,DB,ACT,28
Colin Kaepernick,QB,ACT,28
Jeremy Kerley,WR,ACT,28
Daniel Kilgore,OL,ACT,28
Thad Lewis,QB,RES,28
Aaron Lynch,LB,ACT,28
Keshawn Martin,WR,ACT,28
Marcus Martin,OL,ACT,28
Vance McDonald,TE,ACT,28
Kyle Nelson,OL,ACT,28
Quinton Patton,WR,ACT,28
Bradley Pinion,P,ACT,28
Christian Ponder,QB,ACT,28
Mike Purcell,DL,ACT,28
Keith Reaser,DB,ACT,28
Will Redmond,DB,RES,28
Eric Reid,DB,ACT,28
Rashard Robinson,DB,ACT,28
Eric Rogers,WR,RES,28
JaCorey Shepherd,DB,ACT,28
Shayne Skov,LB,ACT,28
Torrey Smith,WR,ACT,28
Joe Staley,OL,ACT,28
Rod Streater,WR,ACT,28
Jaquiski Tartt,DB,ACT,28
John Theus,OL,ACT,28
Andrew Tiller,OL,ACT,28
Jimmie Ward,DB,ACT,28
Michael Wilhoite,LB,ACT,28
Cliff Avril,DL,ACT,29
Doug Baldwin,WR,ACT,29
Tavaris Barnes,DL,RES,29
Michael Bennett,DL,ACT,29
Trevone Boykin,QB,ACT,29
Justin Britt,OL,ACT,29
Kam Chancellor,DB,ACT,29
Frank Clark,DL,ACT,29
Alex Collins,RB,ACT,29
Brandon Cottom,TE,RES,29
Brock Coyle,LB,ACT,29
DeAndre Elliott,DB,ACT,29
George Fant,OL,ACT,29
Nolan Frese,OL,ACT,29
Garry Gilliam,OL,ACT,29
Mark Glowinski,OL,ACT,29
Jimmy Graham,TE,ACT,29
Steven Hauschka,K,ACT,29
Joey Hunt,OL,ACT,29
Germain Ifedi,OL,ACT,29
Stanley Jean-Baptiste,DB,RES,29
Quinton Jefferson,DL,RES,29
Jermaine Kearse,WR,ACT,29
Jeremy Lane,DB,ACT,29
Tyler Lockett,WR,ACT,29
Tre Madden,RB,RES,29
Cassius Marsh,LB,ACT,29
Kelcie McCray,DB,ACT,29
Tony McDaniel,DL,ACT,29
Dewey McDonald,LB,ACT,29
Tanner McEvoy,WR,ACT,29
Christine Michael,RB,ACT,29
Damontre Moore,DL,ACT,29
Mike Morgan,LB,RES,29
Rees Odhiambo,OL,ACT,29
Kevin Pierre-Louis,LB,ACT,29
Tyvis Powell,DB,ACT,29
C.J. Prosise,RB,ACT,29
Thomas Rawls,RB,ACT,29
Jarran Reed,DL,ACT,29
Paul Richardson,WR,ACT,29
Ahtyba Rubin,DL,ACT,29
Jon Ryan,P,ACT,29
Mohammed Seisay,DB,RES,29
DeShawn Shead,DB,ACT,29
Richard Sherman,DB,ACT,29
Ronnie Shields,TE,RES,29
Sealver Siliga,DL,ACT,29
Tyler Slavin,WR,RES,29
Garrison Smith,DL,RES,29
Joe Sommers,TE,RES,29
Bradley Sowell,OL,ACT,29
Steven Terrell,DB,ACT,29
Earl Thomas,DB,ACT,29
Neiko Thorpe,DB,ACT,29
Jordan Tripp,LB,ACT,29
Will Tukuafu,RB,ACT,29
Nick Vannett,TE,ACT,29
Bobby Wagner,LB,ACT,29
J'Marcus Webb,OL,ACT,29
Brandon Williams,TE,ACT,29
Luke Willson,TE,ACT,29
Russell Wilson,QB,ACT,29
K.J. Wright,LB,ACT,29
Jude Adjei-Barimah,DB,ACT,30
Roberto Aguayo,K,ACT,30
Kwon Alexander,LB,ACT,30
Bryan Anger,P,ACT,30
Robert Ayers,DL,ACT,30
Peyton Barber,RB,ACT,30
Caleb Benenoch,OL,ACT,30
Devante Bond,LB,RES,30
Cameron Brate,TE,ACT,30
Gosder Cherilus,OL,ACT,30
Chris Conte,DB,ACT,30
Alan Cross,RB,ACT,30
Lavonte David,LB,ACT,30
Andrew DePaola,OL,ACT,30
Demar Dotson,OL,ACT,30
Mike Evans,WR,ACT,30
William Gholston,DL,ACT,30
Adarius Glanton,LB,ACT,30
Mike Glennon,QB,ACT,30
Ryan Griffin,QB,ACT,30
Brent Grimes,DB,ACT,30
Vernon Hargreaves,DB,ACT,30
Joe Hawley,OL,ACT,30
John Hughes,DL,ACT,30
Adam Humphries,WR,ACT,30
Vincent Jackson,WR,RES,30
George Johnson,DL,RES,30
Howard Jones,DL,ACT,30
Davonte Lambert,DL,ACT,30
Cameron Lynch,LB,ACT,30
Ali Marpet,OL,ACT,30
Doug Martin,RB,ACT,30
Freddie Martino,WR,ACT,30
Gerald McCoy,DL,ACT,30
Clinton McDonald,DL,ACT,30
Bradley McDougald,DB,ACT,30
Louis Murphy,WR,PUP,30
Brandon Myers,TE,ACT,30
Kevin Pamphile,OL,ACT,30
Josh Robinson,DB,ACT,30
Jacquizz Rodgers,RB,ACT,30
Russell Shepard,WR,ACT,30
Cecil Shorts,WR,ACT,30
Charles Sims,RB,RES,30
Antone Smith,RB,ACT,30
Daryl Smith,LB,ACT,30
Donovan Smith,OL,ACT,30
Evan Smith,OL,ACT,30
Jacquies Smith,DL,RES,30
Ryan Smith,DB,ACT,30
Akeem Spence,DL,ACT,30
Noah Spence,DL,ACT,30
Luke Stocker,TE,ACT,30
J.R. Sweezy,OL,PUP,30
Keith Tandy,DB,ACT,30
Alterraun Verner,DB,ACT,30
Channing Ward,DL,ACT,30
Leonard Wester,OL,ACT,30
Jameis Winston,QB,ACT,30
Jace Amaro,TE,ACT,31
Antonio Andrews,RB,ACT,31
David Bass,LB,ACT,31
Byron Bell,OL,RES,31
Angelo Blackson,DL,ACT,31
Valentino Blake,DB,ACT,31
Beau Brinkley,OL,ACT,31
Kevin Byard,DB,ACT,31
Jurrell Casey,DL,ACT,31
Matt Cassel,QB,ACT,31
Jack Conklin,OL,ACT,31
Perrish Cox,DB,ACT,31
Kevin Dodd,LB,ACT,31
Harry Douglas,WR,ACT,31
Anthony Fasano,TE,ACT,31
Jalston Fowler,RB,ACT,31
Derrick Henry,RB,ACT,31
Austin Johnson,DL,ACT,31
Rashad Johnson,DB,ACT,31
Ben Jones,OL,ACT,31
DaQuan Jones,DL,ACT,31
Dennis Kelly,OL,ACT,31
Brett Kern,P,ACT,31
Josh Kline,OL,ACT,31
Karl Klug,DL,ACT,31
Taylor Lewan,OL,ACT,31
Marc Mariani,WR,ACT,31
Marcus Mariota,QB,ACT,31
Josue Matias,OL,RES,31
Rishard Matthews,WR,ACT,31
Tre McBride,WR,ACT,31
Brice McCain,DB,ACT,31
Jason McCourty,DB,ACT,31
Derrick Morgan,LB,ACT,31
DeMarco Murray,RB,ACT,31
Bennett Okotcha,DB,RES,31
Brian Orakpo,LB,ACT,31
Nate Palmer,LB,ACT,31
Cody Riggs,DB,ACT,31
Curtis Riley,DB,ACT,31
Brian Schwenke,OL,ACT,31
Da'Norris Searcy,DB,ACT,31
Tajae Sharpe,WR,ACT,31
LeShaun Sims,DB,ACT,31
Quinton Spain,OL,ACT,31
Sean Spence,LB,ACT,31
Daimion Stafford,DB,ACT,31
Ryan Succop,K,ACT,31
Phillip Supernaw,TE,ACT,31
Sebastian Tretola,OL,ACT,31
Delanie Walker,TE,ACT,31
Aaron Wallace,LB,ACT,31
Chance Warmack,OL,RES,31
Avery Williamson,LB,ACT,31
Al Woods,DL,ACT,31
Wesley Woodyard,LB,ACT,31
Kendall Wright,WR,ACT,31
Chris Baker,DL,ACT,32
Houston Bates,LB,ACT,32
Will Blackmon,DB,ACT,32
Kevin Bowen,OL,RES,32
Bashaud Breeland,DB,ACT,32
Mack Brown,RB,ACT,32
David Bruton,DB,RES,32
Derek Carrier,TE,PUP,32
Will Compton,LB,ACT,32
Kirk Cousins,QB,ACT,32
Su'a Cravens,LB,ACT,32
Jamison Crowder,WR,ACT,32
Steven Daniels,LB,RES,32
Vernon Davis,TE,ACT,32
Reggie Diggs,WR,RES,32
Josh Doctson,WR,RES,32
Quinton Dunbar,DB,ACT,32
Deshazor Everett,DB,ACT,32
Mason Foster,LB,ACT,32
Kendall Fuller,DB,ACT,32
Pierre Garcon,WR,ACT,32
Terence Garvin,LB,ACT,32
Kedric Golston,DL,RES,32
Ryan Grant,WR,ACT,32
DeAngelo Hall,DB,RES,32
Maurice Harris,WR,ACT,32
Ziggy Hood,DL,ACT,32
Dustin Hopkins,K,ACT,32
Duke Ihenacho,DB,ACT,32
Matthew Ioannidis,DL,ACT,32
DeSean Jackson,WR,ACT,32
Tanard Jackson,DB,SUS,32
Ricky Jean Francois,DL,ACT,32
Cullen Jenkins,DL,ACT,32
Matt Jones,RB,ACT,32
Rob Kelley,RB,ACT,32
Ryan Kerrigan,LB,ACT,32
Arie Kouandjio,OL,ACT,32
Anthony Lanier,DL,ACT,32
Shawn Lauvao,OL,ACT,32
Kory Lichtensteiger,OL,RES,32
Spencer Long,OL,ACT,32
Keith Marshall,RB,RES,32
Colt McCoy,QB,ACT,32
Morgan Moses,OL,ACT,32
Trent Murphy,DL,ACT,32
Josh Norman,DB,ACT,32
Ty Nsekhe,OL,ACT,32
Vinston Painter,OL,ACT,32
Niles Paul,TE,ACT,32
Dashaun Phillips,DB,ACT,32
Silas Redd,RB,SUS,32
Jordan Reed,TE,ACT,32
Rashad Ross,WR,ACT,32
Brandon Scherff,OL,ACT,32
Preston Smith,LB,ACT,32
Martrell Spaight,LB,ACT,32
Nate Sudfeld,QB,ACT,32
John Sullivan,OL,ACT,32
Nick Sundberg,OL,ACT,32
Chris Thompson,RB,ACT,32
Greg Toler,DB,ACT,32
Tress Way,P,ACT,32
Donte Whitner,DB,ACT,32
Trent Williams,OL,SUS,32
