TeamID,GameID,1stDowns,RushAtt,RushYDs,RushTDs,PassComp,PassAtt,PassYDs,PassTDs,Ints,Sacked,SackedYDs,NetPassYDs,TotalYDs,Fumbles,FumblesLost,Turnovers,Penalties,PenaltyYDs,3rdM,3rdAtt,4thM,4thAtt,TOP,Q1,Q2,Q3,Q4,OT,URL
CHI,,13,18,69,0,10,26,130,0,2,1,10,120,189,0,0,2,10,108,2,8,0,0,20:24,0,3,7,0,,http://www.pro-football-reference.com/boxscores/201610200gnb.htm?utm_source=direct&utm_medium=Share&utm_campaign=ShareTool
GNB,,32,23,103,0,39,56,326,3,0,2,23,303,406,2,1,1,9,56,9,16,1,2,39:36,3,3,7,13,,http://www.pro-football-reference.com/boxscores/201610200gnb.htm?utm_source=direct&utm_medium=Share&utm_campaign=ShareTool
NYG,,13,20,36,1,24,37,196,0,0,0,0,196,232,1,1,1,3,33,4,19,0,0,24:57,0,10,0,7,,http://www.pro-football-reference.com/boxscores/201610230ram.htm?utm_source=direct&utm_medium=Share&utm_campaign=ShareTool
LAR,,20,20,74,0,32,53,291,1,4,3,20,271,345,4,0,4,8,43,9,19,1,1,35:03,10,0,0,0,,http://www.pro-football-reference.com/boxscores/201610230ram.htm?utm_source=direct&utm_medium=Share&utm_campaign=ShareTool
OAK,,21,34,144,2,23,37,200,1,0,0,0,200,344,1,0,0,11,117,8,18,1,1,33:27,3,17,3,10,,http://www.pro-football-reference.com/boxscores/201610230jax.htm?utm_source=direct&utm_medium=Share&utm_campaign=ShareTool
JAX,,19,16,105,0,23,43,246,1,2,1,7,239,344,2,1,3,13,122,4,13,0,0,26:33,0,6,3,7,,http://www.pro-football-reference.com/boxscores/201610230jax.htm?utm_source=direct&utm_medium=Share&utm_campaign=ShareTool
MIN,,18,27,93,0,24,41,224,1,1,6,35,189,282,5,3,4,7,56,9,19,1,3,32:08,0,3,0,7,,http://www.pro-football-reference.com/boxscores/201610230phi.htm?utm_source=direct&utm_medium=Share&utm_campaign=ShareTool
PHI,,15,26,101,0,16,28,138,1,2,0,0,138,239,4,2,4,7,53,4,11,1,1,27:52,0,11,7,3,,http://www.pro-football-reference.com/boxscores/201610230phi.htm?utm_source=direct&utm_medium=Share&utm_campaign=ShareTool
IND,,26,24,81,0,27,39,353,3,0,2,12,341,422,0,0,0,12,131,4,10,0,0,32:30,7,10,3,14,,http://www.pro-football-reference.com/boxscores/201610230oti.htm?utm_source=direct&utm_medium=Share&utm_campaign=ShareTool
TEN,,26,28,124,1,22,37,232,2,0,3,25,207,331,2,1,1,6,38,9,15,0,0,27:30,6,7,0,13,,http://www.pro-football-reference.com/boxscores/201610230oti.htm?utm_source=direct&utm_medium=Share&utm_campaign=ShareTool
WAS,,26,29,130,1,30,39,301,1,0,2,18,283,413,4,2,2,4,20,9,15,0,0,34:59,0,3,0,14,,http://www.pro-football-reference.com/boxscores/201610230det.htm?utm_source=direct&utm_medium=Share&utm_campaign=ShareTool
DET,,19,19,94,1,18,29,266,1,0,3,16,250,344,1,0,0,4,30,3,9,0,0,25:01,0,3,7,10,,http://www.pro-football-reference.com/boxscores/201610230det.htm?utm_source=direct&utm_medium=Share&utm_campaign=ShareTool
BUF,,16,22,67,2,14,28,221,1,0,4,21,200,267,0,0,0,6,45,3,13,0,0,22:58,3,7,7,8,,http://www.pro-football-reference.com/boxscores/201610230mia.htm?utm_source=direct&utm_medium=Share&utm_campaign=ShareTool
MIA,,26,42,256,2,15,25,204,1,0,1,6,198,454,0,0,0,13,116,5,12,0,0,37:02,3,3,8,14,,http://www.pro-football-reference.com/boxscores/201610230mia.htm?utm_source=direct&utm_medium=Share&utm_campaign=ShareTool
CLE,,22,26,180,2,21,35,182,0,2,2,10,172,352,0,0,2,5,35,6,14,0,0,31:48,0,10,7,0,,http://www.pro-football-reference.com/boxscores/201610230cin.htm?utm_source=direct&utm_medium=Share&utm_campaign=ShareTool
CIN,,23,30,271,2,19,28,308,2,0,3,20,288,559,2,1,1,3,30,5,10,0,0,28:12,7,14,10,0,,http://www.pro-football-reference.com/boxscores/201610230cin.htm?utm_source=direct&utm_medium=Share&utm_campaign=ShareTool
NOR,,27,22,104,0,37,48,367,3,1,1,8,359,463,3,1,2,10,75,9,14,0,0,32:38,7,0,7,7,,http://www.pro-football-reference.com/boxscores/201610230kan.htm?utm_source=direct&utm_medium=Share&utm_campaign=ShareTool
KAN,,20,28,112,0,17,24,214,2,0,0,0,214,326,0,0,0,4,30,3,9,0,0,27:22,14,7,3,3,,http://www.pro-football-reference.com/boxscores/201610230kan.htm?utm_source=direct&utm_medium=Share&utm_campaign=ShareTool
BAL,,11,11,11,0,25,44,248,0,2,2,14,234,245,3,1,3,4,35,3,14,0,1,23:23,10,6,0,0,,http://www.pro-football-reference.com/boxscores/201610230nyj.htm?utm_source=direct&utm_medium=Share&utm_campaign=ShareTool
NYJ,,16,39,155,1,13,22,215,2,0,5,26,189,344,2,2,2,4,25,6,16,0,1,36:37,7,7,10,0,,http://www.pro-football-reference.com/boxscores/201610230nyj.htm?utm_source=direct&utm_medium=Share&utm_campaign=ShareTool
TAM,,27,41,249,1,21,30,269,3,1,2,5,264,513,2,0,1,7,78,6,14,0,1,33:49,0,17,10,7,,http://www.pro-football-reference.com/boxscores/201610230sfo.htm?utm_source=direct&utm_medium=Share&utm_campaign=ShareTool
SFO,,20,28,160,1,16,34,143,1,1,4,30,113,273,4,2,3,4,31,6,15,1,1,26:11,14,0,0,3,,http://www.pro-football-reference.com/boxscores/201610230sfo.htm?utm_source=direct&utm_medium=Share&utm_campaign=ShareTool
SDG,,26,26,78,2,27,45,371,1,1,4,23,348,426,1,1,2,3,14,9,16,1,1,35:29,7,10,3,10,33,http://www.pro-football-reference.com/boxscores/201610230atl.htm?utm_source=direct&utm_medium=Share&utm_campaign=ShareTool
ATL,,21,26,130,1,22,34,273,1,1,3,17,256,386,0,0,1,9,70,6,12,0,1,30:30,6,21,0,3,30,http://www.pro-football-reference.com/boxscores/201610230atl.htm?utm_source=direct&utm_medium=Share&utm_campaign=ShareTool
NWE,,21,29,140,2,19,26,222,2,0,0,0,222,362,2,2,2,4,40,7,12,0,0,27:31,7,7,6,7,,http://www.pro-football-reference.com/boxscores/201610230pit.htm?utm_source=direct&utm_medium=Share&utm_campaign=ShareTool
PIT,,17,22,94,0,29,47,281,1,1,0,0,281,375,1,0,1,10,85,5,16,1,2,32:29,0,10,3,3,,http://www.pro-football-reference.com/boxscores/201610230pit.htm?utm_source=direct&utm_medium=Share&utm_campaign=ShareTool
SEA,,11,19,52,0,24,37,225,0,0,1,20,205,257,2,0,0,10,90,3,14,0,0,28:39,0,0,0,3,6,http://www.pro-football-reference.com/boxscores/201610230crd.htm?utm_source=direct&utm_medium=Share&utm_campaign=ShareTool
ARI,,23,37,132,0,29,49,342,0,0,4,31,311,443,1,0,0,6,45,10,21,0,1,46:21,0,3,0,0,6,http://www.pro-football-reference.com/boxscores/201610230crd.htm?utm_source=direct&utm_medium=Share&utm_campaign=ShareTool
HOU,,14,25,140,0,22,41,131,0,0,1,0,131,271,4,2,2,2,15,7,18,0,2,29:22,6,0,3,0,,http://www.pro-football-reference.com/boxscores/201610240den.htm?utm_source=direct&utm_medium=Share&utm_campaign=ShareTool
DEN,,19,35,190,2,14,25,157,1,0,0,0,157,347,1,0,0,7,83,3,11,0,0,30:38,0,14,7,6,,http://www.pro-football-reference.com/boxscores/201610240den.htm?utm_source=direct&utm_medium=Share&utm_campaign=ShareTool
JAX,,27,11,48,0,33,54,337,3,0,2,15,322,370,2,1,1,7,75,6,13,0,1,25:35,0,0,8,14,,http://www.pro-football-reference.com/boxscores/201610270oti.htm?utm_source=direct&utm_medium=Share&utm_campaign=ShareTool
TEN,,25,43,214,2,19,23,280,2,0,0,0,280,494,1,0,0,7,54,9,15,0,0,34:25,3,24,6,3,,http://www.pro-football-reference.com/boxscores/201610270oti.htm?utm_source=direct&utm_medium=Share&utm_campaign=ShareTool
WAS,,30,31,100,1,38,56,458,2,1,1,12,446,546,0,0,1,15,106,8,17,0,2,39:42,7,3,7,10,27,http://www.pro-football-reference.com/boxscores/201610300cin.htm?utm_source=direct&utm_medium=Share&utm_campaign=ShareTool
CIN,,35,36,152,3,27,42,284,1,1,3,21,263,415,2,1,2,7,85,8,15,0,0,35:18,7,0,13,7,27,http://www.pro-football-reference.com/boxscores/201610300cin.htm?utm_source=direct&utm_medium=Share&utm_campaign=ShareTool
ARI,,22,10,24,0,35,46,363,3,1,8,47,316,340,2,1,2,10,88,4,12,1,1,29:12,0,7,7,6,,http://www.pro-football-reference.com/boxscores/201610300car.htm?utm_source=direct&utm_medium=Share&utm_campaign=ShareTool
CAR,,19,36,141,2,14,27,212,0,0,1,4,208,349,1,1,1,5,40,6,14,1,2,30:48,14,10,6,0,,http://www.pro-football-reference.com/boxscores/201610300car.htm?utm_source=direct&utm_medium=Share&utm_campaign=ShareTool
NYJ,,21,35,171,3,16,34,228,1,0,2,6,222,393,0,0,0,5,37,7,15,1,1,33:41,0,7,14,10,,http://www.pro-football-reference.com/boxscores/201610300cle.htm?utm_source=direct&utm_medium=Share&utm_campaign=ShareTool
CLE,,22,18,68,1,27,51,345,2,2,1,6,339,407,1,0,2,2,10,8,16,0,0,26:19,10,10,0,8,,http://www.pro-football-reference.com/boxscores/201610300cle.htm?utm_source=direct&utm_medium=Share&utm_campaign=ShareTool
KAN,,20,27,88,0,25,41,350,3,0,3,16,334,422,0,0,0,6,40,7,16,0,0,33:36,3,14,7,6,,http://www.pro-football-reference.com/boxscores/201610300clt.htm?utm_source=direct&utm_medium=Share&utm_campaign=ShareTool
IND,,18,21,105,0,19,35,210,2,1,6,38,172,277,3,1,2,5,45,4,13,1,2,26:24,0,7,7,0,,http://www.pro-football-reference.com/boxscores/201610300clt.htm?utm_source=direct&utm_medium=Share&utm_campaign=ShareTool
NWE,,23,23,72,1,22,33,315,4,0,5,30,285,357,1,0,0,10,116,9,13,0,0,29:51,14,10,14,3,,http://www.pro-football-reference.com/boxscores/201610300buf.htm?utm_source=direct&utm_medium=Share&utm_campaign=ShareTool
BUF,,25,26,167,3,20,40,218,0,0,2,9,209,376,2,0,0,12,84,4,13,2,4,30:09,3,7,7,8,,http://www.pro-football-reference.com/boxscores/201610300buf.htm?utm_source=direct&utm_medium=Share&utm_campaign=ShareTool
OAK,,27,24,128,0,40,59,513,4,0,2,15,498,626,1,1,1,23,200,7,18,1,1,44:12,0,3,14,7,30,http://www.pro-football-reference.com/boxscores/201610300tam.htm?utm_source=direct&utm_medium=Share&utm_campaign=ShareTool
TAM,,18,27,102,1,16,32,180,2,0,2,12,168,270,2,0,0,6,64,4,13,0,0,29:03,3,7,0,14,24,http://www.pro-football-reference.com/boxscores/201610300tam.htm?utm_source=direct&utm_medium=Share&utm_campaign=ShareTool
SEA,,15,17,74,1,23,36,296,0,1,1,11,285,359,1,0,1,11,76,5,11,0,1,23:48,7,7,3,3,,http://www.pro-football-reference.com/boxscores/201610300nor.htm?utm_source=direct&utm_medium=Share&utm_campaign=ShareTool
NOR,,28,35,123,1,27,35,265,1,0,2,13,252,375,1,1,1,2,10,9,15,0,0,36:12,0,13,3,9,,http://www.pro-football-reference.com/boxscores/201610300nor.htm?utm_source=direct&utm_medium=Share&utm_campaign=ShareTool
DET,,19,14,58,0,27,41,240,1,0,1,9,231,289,0,0,0,8,75,3,11,0,1,26:02,0,3,0,10,,http://www.pro-football-reference.com/boxscores/201610300htx.htm?utm_source=direct&utm_medium=Share&utm_campaign=ShareTool
HOU,,20,31,105,1,20,29,186,1,1,3,22,164,269,1,0,1,6,49,6,15,1,1,33:58,0,14,3,3,,http://www.pro-football-reference.com/boxscores/201610300htx.htm?utm_source=direct&utm_medium=Share&utm_campaign=ShareTool
SDG,,21,26,123,0,20,47,267,2,3,4,21,246,369,0,0,3,8,52,7,17,0,2,33:08,7,0,6,6,,http://www.pro-football-reference.com/boxscores/201610300den.htm?utm_source=direct&utm_medium=Share&utm_campaign=ShareTool
DEN,,15,25,57,2,20,38,276,0,1,1,9,267,324,4,2,3,6,45,5,15,0,1,26:52,3,7,7,10,,http://www.pro-football-reference.com/boxscores/201610300den.htm?utm_source=direct&utm_medium=Share&utm_campaign=ShareTool
GNB,,24,19,108,0,28,38,246,4,0,3,23,223,331,1,0,0,6,68,6,10,0,1,31:17,7,17,0,8,,http://www.pro-football-reference.com/boxscores/201610300atl.htm?utm_source=direct&utm_medium=Share&utm_campaign=ShareTool
ATL,,25,19,90,1,28,35,288,3,0,2,11,277,367,0,0,0,7,46,4,9,1,1,28:43,10,9,7,7,,http://www.pro-football-reference.com/boxscores/201610300atl.htm?utm_source=direct&utm_medium=Share&utm_campaign=ShareTool
PHI,,21,24,97,1,32,44,202,1,0,3,8,194,291,4,1,1,5,40,6,15,0,0,33:15,3,10,7,3,23,http://www.pro-football-reference.com/boxscores/201610300dal.htm?utm_source=direct&utm_medium=Share&utm_campaign=ShareTool
DAL,,26,34,187,1,19,40,287,2,1,2,14,273,460,2,0,1,11,84,4,14,2,2,33:57,7,3,3,10,29,http://www.pro-football-reference.com/boxscores/201610300dal.htm?utm_source=direct&utm_medium=Share&utm_campaign=ShareTool
MIN,,15,18,57,0,23,37,228,1,0,5,27,201,258,2,0,0,1,10,2,13,2,2,27:19,0,3,0,7,,http://www.pro-football-reference.com/boxscores/201610310chi.htm?utm_source=direct&utm_medium=Share&utm_campaign=ShareTool
CHI,,19,29,158,1,20,31,252,1,0,1,7,245,403,0,0,0,2,20,7,14,0,0,32:41,3,10,7,0,,http://www.pro-football-reference.com/boxscores/201610310chi.htm?utm_source=direct&utm_medium=Share&utm_campaign=ShareTool
ATL,,31,34,136,1,25,34,344,4,0,2,19,325,461,3,1,1,6,34,6,10,0,0,33:28,10,10,13,10,,http://www.pro-football-reference.com/boxscores/201611030tam.htm?utm_source=direct&utm_medium=Share&utm_campaign=ShareTool
TAM,,23,20,70,0,33,48,336,4,0,2,10,326,396,2,2,2,11,85,8,14,1,2,26:32,7,7,0,14,,http://www.pro-football-reference.com/boxscores/201611030tam.htm?utm_source=direct&utm_medium=Share&utm_campaign=ShareTool
NYJ,,18,21,140,1,18,29,213,1,2,3,22,191,331,3,0,2,10,77,3,11,0,0,29:38,10,3,0,10,,http://www.pro-football-reference.com/boxscores/201611060mia.htm?utm_source=direct&utm_medium=Share&utm_campaign=ShareTool
MIA,,20,32,137,1,17,29,149,1,0,1,12,137,274,3,0,0,8,86,5,11,0,1,30:22,7,7,6,7,,http://www.pro-football-reference.com/boxscores/201611060mia.htm?utm_source=direct&utm_medium=Share&utm_campaign=ShareTool
JAX,,25,32,205,0,22,41,252,2,1,2,8,244,449,3,3,4,5,46,5,13,0,2,29:39,0,7,0,7,,http://www.pro-football-reference.com/boxscores/201611060kan.htm?utm_source=direct&utm_medium=Share&utm_campaign=ShareTool
KAN,,10,22,62,0,20,33,187,1,0,2,18,169,231,0,0,0,8,75,1,14,1,1,30:21,7,3,6,3,,http://www.pro-football-reference.com/boxscores/201611060kan.htm?utm_source=direct&utm_medium=Share&utm_campaign=ShareTool
PHI,,21,25,96,2,27,47,364,0,2,2,17,347,443,1,0,2,4,43,3,15,1,4,32:40,3,7,7,6,,http://www.pro-football-reference.com/boxscores/201611060nyg.htm?utm_source=direct&utm_medium=Share&utm_campaign=ShareTool
NYG,,16,24,54,0,22,36,257,4,2,1,9,248,302,1,0,2,5,30,4,13,0,1,27:20,14,7,7,0,,http://www.pro-football-reference.com/boxscores/201611060nyg.htm?utm_source=direct&utm_medium=Share&utm_campaign=ShareTool
PIT,,15,18,36,1,23,45,264,1,1,2,23,241,277,2,0,1,13,99,4,16,1,2,27:50,0,0,0,14,,http://www.pro-football-reference.com/boxscores/201611060rav.htm?utm_source=direct&utm_medium=Share&utm_campaign=ShareTool
BAL,,13,29,50,0,19,31,250,1,1,3,26,224,274,2,0,1,10,94,4,17,0,0,32:10,7,3,3,8,,http://www.pro-football-reference.com/boxscores/201611060rav.htm?utm_source=direct&utm_medium=Share&utm_campaign=ShareTool
DAL,,29,42,168,2,22,28,255,3,0,0,0,255,423,1,0,0,4,38,8,12,2,2,39:39,7,14,14,0,,http://www.pro-football-reference.com/boxscores/201611060cle.htm?utm_source=direct&utm_medium=Share&utm_campaign=ShareTool
CLE,,13,13,45,0,19,27,203,1,0,4,26,177,222,0,0,0,5,33,1,9,1,1,20:21,3,7,0,0,,http://www.pro-football-reference.com/boxscores/201611060cle.htm?utm_source=direct&utm_medium=Share&utm_campaign=ShareTool
DET,,18,25,97,0,23,36,219,2,1,1,5,214,311,0,0,1,6,57,7,14,0,0,33:31,3,7,0,6,22,http://www.pro-football-reference.com/boxscores/201611060min.htm?utm_source=direct&utm_medium=Share&utm_campaign=ShareTool
MIN,,22,25,78,1,31,40,273,1,0,2,14,259,337,0,0,0,8,54,6,14,1,2,33:08,0,3,6,7,16,http://www.pro-football-reference.com/boxscores/201611060min.htm?utm_source=direct&utm_medium=Share&utm_campaign=ShareTool
CAR,,16,25,59,0,20,32,225,1,0,5,40,185,244,0,0,0,5,35,6,15,0,0,34:12,7,0,0,6,,http://www.pro-football-reference.com/boxscores/201611060ram.htm?utm_source=direct&utm_medium=Share&utm_campaign=ShareTool
LAR,,18,17,59,0,27,46,296,1,1,4,16,280,339,1,0,1,10,109,4,14,2,3,25:48,0,0,0,10,,http://www.pro-football-reference.com/boxscores/201611060ram.htm?utm_source=direct&utm_medium=Share&utm_campaign=ShareTool
NOR,,29,42,248,2,28,39,323,3,0,1,0,323,571,0,0,0,4,40,11,17,0,0,38:53,14,17,0,10,,http://www.pro-football-reference.com/boxscores/201611060sfo.htm?utm_source=direct&utm_medium=Share&utm_campaign=ShareTool
SFO,,19,17,93,0,24,39,398,2,1,1,5,393,486,3,3,4,9,78,2,9,0,2,21:07,3,17,3,0,,http://www.pro-football-reference.com/boxscores/201611060sfo.htm?utm_source=direct&utm_medium=Share&utm_campaign=ShareTool
IND,,22,28,85,2,23,36,281,1,2,2,11,270,355,1,0,2,4,35,7,14,0,0,30:03,14,10,0,7,,http://www.pro-football-reference.com/boxscores/201611060gnb.htm?utm_source=direct&utm_medium=Share&utm_campaign=ShareTool
GNB,,25,19,116,0,26,43,297,3,1,3,8,289,405,0,0,1,4,25,4,12,0,0,29:57,10,0,3,13,,http://www.pro-football-reference.com/boxscores/201611060gnb.htm?utm_source=direct&utm_medium=Share&utm_campaign=ShareTool
TEN,,24,19,80,2,27,43,313,3,2,0,0,313,393,1,1,3,8,57,5,11,1,1,23:31,0,14,7,14,,http://www.pro-football-reference.com/boxscores/201611060sdg.htm?utm_source=direct&utm_medium=Share&utm_campaign=ShareTool
SDG,,31,39,208,1,24,33,275,2,0,1,7,268,476,0,0,0,14,107,5,11,0,0,36:29,9,10,14,10,,http://www.pro-football-reference.com/boxscores/201611060sdg.htm?utm_source=direct&utm_medium=Share&utm_campaign=ShareTool
DEN,,13,12,33,0,18,37,283,2,1,2,17,266,299,1,1,2,12,104,3,11,0,1,18:32,0,10,0,10,,http://www.pro-football-reference.com/boxscores/201611060rai.htm?utm_source=direct&utm_medium=Share&utm_campaign=ShareTool
OAK,,30,43,218,3,20,31,184,0,0,2,5,179,397,0,0,0,8,72,5,14,0,0,41:28,6,14,0,10,,http://www.pro-football-reference.com/boxscores/201611060rai.htm?utm_source=direct&utm_medium=Share&utm_campaign=ShareTool
BUF,,30,38,162,2,27,39,289,1,1,5,26,263,425,0,0,1,11,115,12,17,0,1,40:17,14,3,0,8,,http://www.pro-football-reference.com/boxscores/201611070sea.htm?utm_source=direct&utm_medium=Share&utm_campaign=ShareTool
SEA,,19,12,33,2,20,26,282,2,0,4,37,245,278,0,0,0,10,75,2,7,0,0,19:43,7,21,0,3,,http://www.pro-football-reference.com/boxscores/201611070sea.htm?utm_source=direct&utm_medium=Share&utm_campaign=ShareTool
CLE,,11,13,33,0,17,31,150,1,2,4,39,111,144,2,1,3,3,35,2,10,0,0,21:24,0,7,0,0,,http://www.pro-football-reference.com/boxscores/201611100rav.htm?utm_source=direct&utm_medium=Share&utm_campaign=ShareTool
BAL,,29,34,119,0,30,41,296,3,2,2,19,277,396,0,0,2,6,61,7,12,0,0,38:36,0,6,15,7,,http://www.pro-football-reference.com/boxscores/201611100rav.htm?utm_source=direct&utm_medium=Share&utm_campaign=ShareTool
CHI,,15,20,122,0,16,30,182,1,2,4,21,161,283,3,2,4,9,74,2,11,0,0,22:51,3,7,0,0,,http://www.pro-football-reference.com/boxscores/201611130tam.htm?utm_source=direct&utm_medium=Share&utm_campaign=ShareTool
TAM,,22,31,80,1,23,33,312,2,1,4,32,280,360,0,0,1,9,85,8,15,0,0,37:09,7,10,12,7,,http://www.pro-football-reference.com/boxscores/201611130tam.htm?utm_source=direct&utm_medium=Share&utm_campaign=ShareTool
GNB,,21,13,69,1,32,55,379,2,2,5,46,333,402,1,1,3,12,107,4,15,2,4,30:29,0,16,9,0,,http://www.pro-football-reference.com/boxscores/201611130oti.htm?utm_source=direct&utm_medium=Share&utm_campaign=ShareTool
TEN,,19,31,154,1,20,27,305,5,0,1,13,292,446,0,0,0,7,65,7,14,0,1,29:31,21,14,6,6,,http://www.pro-football-reference.com/boxscores/201611130oti.htm?utm_source=direct&utm_medium=Share&utm_campaign=ShareTool
KAN,,18,20,91,0,25,38,178,0,1,3,13,165,256,2,0,1,9,45,2,12,1,1,24:48,0,3,0,17,,http://www.pro-football-reference.com/boxscores/201611130car.htm?utm_source=direct&utm_medium=Share&utm_campaign=ShareTool
CAR,,22,29,99,1,23,38,261,1,1,2,19,242,341,1,1,2,6,53,6,14,1,1,35:12,3,14,0,0,,http://www.pro-football-reference.com/boxscores/201611130car.htm?utm_source=direct&utm_medium=Share&utm_campaign=ShareTool
HOU,,16,33,181,0,14,27,99,2,0,1,7,92,273,0,0,0,4,89,7,15,0,1,27:50,14,0,7,3,,http://www.pro-football-reference.com/boxscores/201611130jax.htm?utm_source=direct&utm_medium=Share&utm_campaign=ShareTool
JAX,,23,22,80,0,32,49,265,2,1,2,18,247,327,3,1,2,4,48,10,17,0,1,32:10,7,3,0,11,,http://www.pro-football-reference.com/boxscores/201611130jax.htm?utm_source=direct&utm_medium=Share&utm_campaign=ShareTool
MIN,,22,21,47,1,31,40,307,2,1,3,23,284,331,0,0,1,4,35,5,11,0,1,30:04,0,20,0,0,,http://www.pro-football-reference.com/boxscores/201611130was.htm?utm_source=direct&utm_medium=Share&utm_campaign=ShareTool
WAS,,23,28,128,0,22,33,262,2,0,1,2,260,388,1,1,1,4,35,6,12,0,0,29:56,7,7,6,6,,http://www.pro-football-reference.com/boxscores/201611130was.htm?utm_source=direct&utm_medium=Share&utm_campaign=ShareTool
DEN,,24,37,103,0,25,40,258,2,2,6,24,234,337,0,0,2,1,10,11,19,0,0,39:22,7,3,0,15,,http://www.pro-football-reference.com/boxscores/201611130nor.htm?utm_source=direct&utm_medium=Share&utm_campaign=ShareTool
NOR,,19,21,80,0,21,29,303,3,2,1,10,293,373,2,2,4,3,25,4,9,0,0,20:38,0,3,14,6,,http://www.pro-football-reference.com/boxscores/201611130nor.htm?utm_source=direct&utm_medium=Share&utm_campaign=ShareTool
LAR,,16,34,125,0,17,30,165,0,0,3,10,155,280,1,0,0,7,55,6,17,0,0,34:29,3,0,3,3,,http://www.pro-football-reference.com/boxscores/201611130nyj.htm?utm_source=direct&utm_medium=Share&utm_campaign=ShareTool
NYJ,,17,25,139,0,19,32,163,1,1,1,6,157,296,1,0,1,4,31,4,12,0,0,25:31,0,6,0,0,,http://www.pro-football-reference.com/boxscores/201611130nyj.htm?utm_source=direct&utm_medium=Share&utm_campaign=ShareTool
ATL,,11,13,48,0,18,33,267,1,1,2,12,255,303,0,0,1,8,67,2,11,0,1,21:50,0,6,3,6,,http://www.pro-football-reference.com/boxscores/201611130phi.htm?utm_source=direct&utm_medium=Share&utm_campaign=ShareTool
PHI,,25,38,208,2,25,36,231,0,0,2,10,221,429,2,1,1,10,77,5,14,0,1,38:10,7,0,3,14,,http://www.pro-football-reference.com/boxscores/201611130phi.htm?utm_source=direct&utm_medium=Share&utm_campaign=ShareTool
MIA,,17,25,106,1,17,24,240,2,0,1,9,231,337,3,1,1,11,81,4,10,0,0,27:01,0,7,14,10,,http://www.pro-football-reference.com/boxscores/201611130sdg.htm?utm_source=direct&utm_medium=Share&utm_campaign=ShareTool
SDG,,29,24,70,0,23,44,326,3,4,3,17,309,379,0,0,4,4,29,6,11,0,0,32:59,0,10,7,7,,http://www.pro-football-reference.com/boxscores/201611130sdg.htm?utm_source=direct&utm_medium=Share&utm_campaign=ShareTool
DAL,,20,25,127,2,22,32,319,2,0,2,24,295,422,1,1,1,10,98,7,13,0,0,30:24,10,3,10,12,,http://www.pro-football-reference.com/boxscores/201611130pit.htm?utm_source=direct&utm_medium=Share&utm_campaign=ShareTool
PIT,,30,19,48,1,37,46,408,3,0,1,8,400,448,1,0,0,4,40,4,10,0,0,29:36,12,3,3,12,,http://www.pro-football-reference.com/boxscores/201611130pit.htm?utm_source=direct&utm_medium=Share&utm_campaign=ShareTool
SFO,,15,28,83,1,17,30,210,1,0,3,12,198,281,1,1,1,9,100,7,17,1,1,27:42,0,10,3,7,,http://www.pro-football-reference.com/boxscores/201611130crd.htm?utm_source=direct&utm_medium=Share&utm_campaign=ShareTool
ARI,,26,23,80,1,30,49,376,1,2,2,13,363,443,2,2,4,2,10,7,14,0,0,32:18,7,13,0,3,,http://www.pro-football-reference.com/boxscores/201611130crd.htm?utm_source=direct&utm_medium=Share&utm_campaign=ShareTool
SEA,,23,26,96,0,25,37,348,3,0,3,24,324,420,1,0,0,8,60,6,12,0,0,30:25,6,13,3,9,,http://www.pro-football-reference.com/boxscores/201611130nwe.htm?utm_source=direct&utm_medium=Share&utm_campaign=ShareTool
NWE,,25,28,81,3,23,32,316,0,1,2,12,304,385,3,1,2,7,61,6,10,0,1,29:35,7,7,7,3,,http://www.pro-football-reference.com/boxscores/201611130nwe.htm?utm_source=direct&utm_medium=Share&utm_campaign=ShareTool
CIN,,12,23,78,1,16,29,204,1,1,3,18,186,264,0,0,1,9,60,2,11,0,0,28:37,7,3,10,0,,http://www.pro-football-reference.com/boxscores/201611140nyg.htm?utm_source=direct&utm_medium=Share&utm_campaign=ShareTool
NYG,,23,27,122,0,28,44,240,3,2,1,11,229,351,1,0,2,2,15,6,14,1,2,31:23,7,7,0,7,,http://www.pro-football-reference.com/boxscores/201611140nyg.htm?utm_source=direct&utm_medium=Share&utm_campaign=ShareTool
NOR,,28,25,107,0,35,44,285,2,1,3,21,264,371,2,1,2,6,48,4,13,2,2,32:15,3,0,0,17,,http://www.pro-football-reference.com/boxscores/201611170car.htm?utm_source=direct&utm_medium=Share&utm_campaign=ShareTool
CAR,,17,27,50,1,14,33,192,1,0,2,19,173,223,1,0,0,6,45,7,17,0,0,27:45,3,17,3,0,,http://www.pro-football-reference.com/boxscores/201611170car.htm?utm_source=direct&utm_medium=Share&utm_campaign=ShareTool
BUF,,20,34,183,1,19,27,166,0,1,2,7,159,342,1,0,1,9,75,3,12,1,1,32:11,7,3,3,3,,http://www.pro-football-reference.com/boxscores/201611200cin.htm?utm_source=direct&utm_medium=Share&utm_campaign=ShareTool
CIN,,23,27,93,1,24,43,207,1,2,1,0,207,300,2,0,2,4,25,8,15,0,0,27:49,6,6,0,0,,http://www.pro-football-reference.com/boxscores/201611200cin.htm?utm_source=direct&utm_medium=Share&utm_campaign=ShareTool
BAL,,17,16,101,1,23,35,269,1,0,1,2,267,368,1,0,0,12,136,3,9,0,0,24:21,7,3,0,7,,http://www.pro-football-reference.com/boxscores/201611200dal.htm?utm_source=direct&utm_medium=Share&utm_campaign=ShareTool
DAL,,27,30,118,0,27,36,301,3,0,1,2,299,417,1,0,0,5,45,7,12,0,0,35:39,0,10,7,10,,http://www.pro-football-reference.com/boxscores/201611200dal.htm?utm_source=direct&utm_medium=Share&utm_campaign=ShareTool
ARI,,24,28,135,1,20,38,198,2,2,4,43,155,290,1,0,2,8,96,4,13,0,1,31:02,7,10,0,7,,http://www.pro-football-reference.com/boxscores/201611200min.htm?utm_source=direct&utm_medium=Share&utm_campaign=ShareTool
MIN,,16,24,72,1,20,28,169,1,0,2,24,145,217,1,1,1,10,73,6,13,0,1,28:58,7,13,10,0,,http://www.pro-football-reference.com/boxscores/201611200min.htm?utm_source=direct&utm_medium=Share&utm_campaign=ShareTool
TAM,,27,34,116,0,24,39,331,1,0,1,5,326,442,2,1,1,7,42,11,16,0,0,35:18,0,9,3,7,,http://www.pro-football-reference.com/boxscores/201611200kan.htm?utm_source=direct&utm_medium=Share&utm_campaign=ShareTool
KAN,,19,21,82,1,24,31,261,1,1,0,0,261,343,2,1,2,5,30,4,8,0,0,24:42,3,7,0,7,,http://www.pro-football-reference.com/boxscores/201611200kan.htm?utm_source=direct&utm_medium=Share&utm_campaign=ShareTool
CHI,,17,25,93,1,17,30,252,1,1,4,30,222,315,2,0,1,5,40,4,12,0,0,30:29,9,7,0,0,,http://www.pro-football-reference.com/boxscores/201611200nyg.htm?utm_source=direct&utm_medium=Share&utm_campaign=ShareTool
NYG,,19,29,102,1,21,36,227,2,0,0,0,227,329,2,0,0,4,35,5,14,2,2,29:31,6,3,13,0,,http://www.pro-football-reference.com/boxscores/201611200nyg.htm?utm_source=direct&utm_medium=Share&utm_campaign=ShareTool
TEN,,20,27,97,0,25,38,290,2,0,5,36,254,351,0,0,0,11,109,5,14,1,3,31:01,0,7,7,3,,http://www.pro-football-reference.com/boxscores/201611200clt.htm?utm_source=direct&utm_medium=Share&utm_campaign=ShareTool
IND,,18,28,76,1,15,28,262,2,1,2,11,251,327,0,0,1,8,70,5,12,1,1,28:59,14,7,0,3,,http://www.pro-football-reference.com/boxscores/201611200clt.htm?utm_source=direct&utm_medium=Share&utm_campaign=ShareTool
JAX,,16,27,83,0,22,35,202,2,2,0,0,202,285,2,1,3,4,25,4,14,0,0,32:55,3,6,10,0,,http://www.pro-football-reference.com/boxscores/201611200det.htm?utm_source=direct&utm_medium=Share&utm_campaign=ShareTool
DET,,14,21,14,1,24,33,278,0,0,3,15,263,277,3,2,2,5,32,5,14,0,0,27:05,0,9,7,10,,http://www.pro-football-reference.com/boxscores/201611200det.htm?utm_source=direct&utm_medium=Share&utm_campaign=ShareTool
PIT,,24,28,146,1,23,36,167,0,0,0,0,167,313,1,0,0,8,70,5,12,1,1,33:58,3,11,3,7,,http://www.pro-football-reference.com/boxscores/201611200cle.htm?utm_source=direct&utm_medium=Share&utm_campaign=ShareTool
CLE,,17,13,33,0,21,41,246,1,1,8,70,176,209,1,1,2,9,52,4,15,5,5,26:02,0,0,3,6,,http://www.pro-football-reference.com/boxscores/201611200cle.htm?utm_source=direct&utm_medium=Share&utm_campaign=ShareTool
MIA,,17,19,98,0,24,34,172,2,1,4,30,142,240,0,0,1,8,82,1,11,0,0,28:41,0,0,0,14,,http://www.pro-football-reference.com/boxscores/201611200ram.htm?utm_source=direct&utm_medium=Share&utm_campaign=ShareTool
LAR,,12,28,102,1,17,31,134,0,0,1,9,125,227,1,1,1,8,70,2,13,1,1,31:19,7,0,3,0,,http://www.pro-football-reference.com/boxscores/201611200ram.htm?utm_source=direct&utm_medium=Share&utm_campaign=ShareTool
NWE,,28,30,171,0,24,40,280,4,0,1,7,273,444,1,0,0,5,40,8,16,1,1,29:12,6,7,0,17,,http://www.pro-football-reference.com/boxscores/201611200sfo.htm?utm_source=direct&utm_medium=Share&utm_campaign=ShareTool
SFO,,20,27,122,0,16,30,206,2,0,5,29,177,299,5,0,0,10,68,5,14,0,0,30:48,3,7,0,7,,http://www.pro-football-reference.com/boxscores/201611200sfo.htm?utm_source=direct&utm_medium=Share&utm_campaign=ShareTool
PHI,,20,26,113,0,23,45,218,2,2,2,23,195,308,1,0,2,8,48,6,16,1,3,31:06,0,7,0,8,,http://www.pro-football-reference.com/boxscores/201611200sea.htm?utm_source=direct&utm_medium=Share&utm_campaign=ShareTool
SEA,,18,30,152,1,19,32,287,2,0,1,0,287,439,1,0,0,7,48,5,15,0,0,28:54,6,10,7,3,,http://www.pro-football-reference.com/boxscores/201611200sea.htm?utm_source=direct&utm_medium=Share&utm_campaign=ShareTool
GNB,,19,19,84,0,27,44,360,3,1,2,20,340,424,3,1,2,6,59,7,15,1,2,30:23,0,10,0,14,,http://www.pro-football-reference.com/boxscores/201611200was.htm?utm_source=direct&utm_medium=Share&utm_campaign=ShareTool
WAS,,21,30,151,3,21,30,375,3,0,2,11,364,515,0,0,0,6,40,9,14,1,1,29:37,7,6,9,20,,http://www.pro-football-reference.com/boxscores/201611200was.htm?utm_source=direct&utm_medium=Share&utm_campaign=ShareTool
HOU,,22,33,124,1,26,39,243,1,1,2,13,230,354,1,1,2,7,101,8,16,1,2,36:27,3,7,7,3,,http://www.pro-football-reference.com/boxscores/201611210rai.htm?utm_source=direct&utm_medium=Share&utm_campaign=ShareTool
OAK,,16,20,30,0,21,31,295,3,1,0,0,295,325,1,0,1,4,21,4,11,1,2,23:33,0,10,3,14,,http://www.pro-football-reference.com/boxscores/201611210rai.htm?utm_source=direct&utm_medium=Share&utm_campaign=ShareTool
MIN,,17,16,82,1,31,37,224,0,1,0,0,224,306,0,0,1,5,40,2,10,0,1,31:31,7,0,3,3,,http://www.pro-football-reference.com/boxscores/201611240det.htm?utm_source=direct&utm_medium=Share&utm_campaign=ShareTool
DET,,18,19,94,0,23,40,232,1,0,2,18,214,308,0,0,0,4,16,6,14,0,2,28:29,7,3,0,6,,http://www.pro-football-reference.com/boxscores/201611240det.htm?utm_source=direct&utm_medium=Share&utm_campaign=ShareTool
WAS,,25,19,56,0,41,53,449,3,0,0,0,449,505,1,0,0,3,30,8,15,2,2,33:24,0,6,0,20,,http://www.pro-football-reference.com/boxscores/201611240dal.htm?utm_source=direct&utm_medium=Share&utm_campaign=ShareTool
DAL,,24,30,163,3,17,24,195,1,0,1,5,190,353,0,0,0,3,25,4,8,0,0,26:36,7,10,0,14,,http://www.pro-football-reference.com/boxscores/201611240dal.htm?utm_source=direct&utm_medium=Share&utm_campaign=ShareTool
PIT,,16,29,148,1,14,21,221,3,0,0,0,221,369,0,0,0,7,67,7,11,0,0,28:15,14,7,0,7,,http://www.pro-football-reference.com/boxscores/201611240clt.htm?utm_source=direct&utm_medium=Share&utm_campaign=ShareTool
IND,,18,23,91,0,23,37,240,1,2,3,21,219,310,1,0,2,2,10,8,15,2,4,31:45,0,7,0,0,,http://www.pro-football-reference.com/boxscores/201611240clt.htm?utm_source=direct&utm_medium=Share&utm_campaign=ShareTool
TEN,,18,29,149,1,15,23,226,2,0,0,0,226,375,1,0,0,6,118,5,11,0,0,29:25,7,14,3,3,,http://www.pro-football-reference.com/boxscores/201611270chi.htm?utm_source=direct&utm_medium=Share&utm_campaign=ShareTool
CHI,,25,22,95,0,28,54,316,3,2,0,0,316,411,2,0,2,7,48,9,17,1,3,30:35,7,0,0,14,,http://www.pro-football-reference.com/boxscores/201611270chi.htm?utm_source=direct&utm_medium=Share&utm_campaign=ShareTool
CIN,,22,20,64,0,26,48,283,1,0,3,22,261,325,4,2,2,2,15,5,16,1,1,28:43,0,3,6,5,,http://www.pro-football-reference.com/boxscores/201611270rav.htm?utm_source=direct&utm_medium=Share&utm_campaign=ShareTool
BAL,,16,30,92,0,25,36,234,1,1,2,15,219,311,1,0,1,8,69,5,16,1,2,31:17,10,6,0,3,,http://www.pro-football-reference.com/boxscores/201611270rav.htm?utm_source=direct&utm_medium=Share&utm_campaign=ShareTool
ARI,,23,14,58,0,25,45,289,2,1,2,15,274,332,1,0,1,8,60,4,11,1,2,25:38,7,6,0,6,,http://www.pro-football-reference.com/boxscores/201611270atl.htm?utm_source=direct&utm_medium=Share&utm_campaign=ShareTool
ATL,,28,30,116,3,26,34,269,2,1,3,25,244,360,0,0,1,4,23,4,9,1,1,34:22,7,10,7,14,,http://www.pro-football-reference.com/boxscores/201611270atl.htm?utm_source=direct&utm_medium=Share&utm_campaign=ShareTool
SFO,,25,25,193,0,29,46,296,3,1,2,14,282,475,1,1,2,7,65,7,14,2,2,29:28,7,0,7,10,,http://www.pro-football-reference.com/boxscores/201611270mia.htm?utm_source=direct&utm_medium=Share&utm_campaign=ShareTool
MIA,,19,26,95,1,20,30,285,3,0,2,22,263,358,2,0,0,4,42,6,12,0,0,30:32,0,14,10,7,,http://www.pro-football-reference.com/boxscores/201611270mia.htm?utm_source=direct&utm_medium=Share&utm_campaign=ShareTool
JAX,,20,37,183,1,13,26,126,2,0,2,8,118,301,2,0,0,6,60,8,15,0,1,33:35,7,0,7,7,,http://www.pro-football-reference.com/boxscores/201611270buf.htm?utm_source=direct&utm_medium=Share&utm_campaign=ShareTool
BUF,,15,29,153,3,12,18,166,1,0,5,15,151,304,0,0,0,6,31,5,12,1,1,26:25,0,6,14,8,,http://www.pro-football-reference.com/boxscores/201611270buf.htm?utm_source=direct&utm_medium=Share&utm_campaign=ShareTool
LAR,,13,17,69,0,20,32,214,3,1,3,36,178,247,1,1,2,6,62,2,10,0,1,24:04,7,14,0,0,,http://www.pro-football-reference.com/boxscores/201611270nor.htm?utm_source=direct&utm_medium=Share&utm_campaign=ShareTool
NOR,,27,32,209,2,29,37,360,5,0,2,14,346,555,2,1,1,6,45,6,13,2,2,35:56,7,21,14,7,,http://www.pro-football-reference.com/boxscores/201611270nor.htm?utm_source=direct&utm_medium=Share&utm_campaign=ShareTool
SDG,,18,18,67,0,22,30,242,3,1,1,7,235,302,0,0,1,10,78,4,11,0,0,29:59,0,14,0,7,,http://www.pro-football-reference.com/boxscores/201611270htx.htm?utm_source=direct&utm_medium=Share&utm_campaign=ShareTool
HOU,,22,27,114,1,22,37,246,0,3,1,7,239,353,2,1,4,9,58,4,11,1,2,30:01,0,7,0,6,,http://www.pro-football-reference.com/boxscores/201611270htx.htm?utm_source=direct&utm_medium=Share&utm_campaign=ShareTool
NYG,,13,27,104,0,15,27,194,3,0,1,2,192,296,1,1,1,9,100,4,13,0,0,26:09,0,14,0,13,,http://www.pro-football-reference.com/boxscores/201611270cle.htm?utm_source=direct&utm_medium=Share&utm_campaign=ShareTool
CLE,,21,21,58,0,25,44,322,1,0,7,37,285,343,3,3,3,5,35,3,14,1,2,33:51,0,6,0,7,,http://www.pro-football-reference.com/boxscores/201611270cle.htm?utm_source=direct&utm_medium=Share&utm_campaign=ShareTool
SEA,,16,22,127,0,17,33,151,0,2,6,33,118,245,2,1,3,2,27,1,11,1,1,26:21,0,5,0,0,,http://www.pro-football-reference.com/boxscores/201611270tam.htm?utm_source=direct&utm_medium=Share&utm_campaign=ShareTool
TAM,,19,35,118,0,21,28,220,2,1,0,0,220,338,2,1,2,7,68,4,11,0,0,33:39,14,0,0,0,,http://www.pro-football-reference.com/boxscores/201611270tam.htm?utm_source=direct&utm_medium=Share&utm_campaign=ShareTool
CAR,,19,25,129,3,14,29,246,2,1,2,17,229,358,2,1,2,7,67,3,10,0,1,26:23,7,0,18,7,,http://www.pro-football-reference.com/boxscores/201611270rai.htm?utm_source=direct&utm_medium=Share&utm_campaign=ShareTool
OAK,,22,31,56,1,26,39,315,2,1,1,5,310,366,2,1,2,7,46,8,15,0,0,33:37,7,17,0,11,,http://www.pro-football-reference.com/boxscores/201611270rai.htm?utm_source=direct&utm_medium=Share&utm_campaign=ShareTool
NWE,,26,21,91,0,30,50,286,2,0,0,0,286,377,1,0,0,2,15,4,14,1,1,30:36,0,10,3,9,,http://www.pro-football-reference.com/boxscores/201611270nyj.htm?utm_source=direct&utm_medium=Share&utm_campaign=ShareTool
NYJ,,16,23,64,0,22,32,269,2,0,1,0,269,333,3,2,2,6,66,5,11,0,0,29:24,3,7,0,7,,http://www.pro-football-reference.com/boxscores/201611270nyj.htm?utm_source=direct&utm_medium=Share&utm_campaign=ShareTool
KAN,,23,26,83,1,26,44,220,1,0,6,30,190,273,0,0,0,9,71,5,17,1,1,37:39,0,9,7,8,30,http://www.pro-football-reference.com/boxscores/201611270den.htm?utm_source=direct&utm_medium=Share&utm_campaign=ShareTool
DEN,,21,38,124,0,20,34,368,3,0,5,28,340,464,3,1,1,15,97,9,20,1,1,37:19,0,3,7,14,27,http://www.pro-football-reference.com/boxscores/201611270den.htm?utm_source=direct&utm_medium=Share&utm_campaign=ShareTool
GNB,,25,28,74,1,30,39,313,2,0,0,0,313,387,1,0,0,7,51,10,14,1,1,35:23,7,7,3,10,,http://www.pro-football-reference.com/boxscores/201611280phi.htm?utm_source=direct&utm_medium=Share&utm_campaign=ShareTool
PHI,,20,18,81,1,24,36,254,0,1,4,43,211,292,1,0,1,7,42,5,11,0,1,24:37,7,3,3,0,,http://www.pro-football-reference.com/boxscores/201611280phi.htm?utm_source=direct&utm_medium=Share&utm_campaign=ShareTool
DAL,,13,28,140,1,12,18,139,1,0,3,15,124,264,4,2,2,10,78,1,9,0,0,26:43,0,7,0,10,,http://www.pro-football-reference.com/boxscores/201612010min.htm?utm_source=direct&utm_medium=Share&utm_campaign=ShareTool
MIN,,21,19,87,0,33,47,253,1,0,3,22,231,318,3,1,1,8,57,6,16,0,0,33:17,3,0,3,9,,http://www.pro-football-reference.com/boxscores/201612010min.htm?utm_source=direct&utm_medium=Share&utm_campaign=ShareTool
KAN,,17,22,123,2,21,25,270,1,0,1,4,266,389,1,1,1,13,128,3,10,2,2,28:08,6,14,7,2,,http://www.pro-football-reference.com/boxscores/201612040atl.htm?utm_source=direct&utm_medium=Share&utm_campaign=ShareTool
ATL,,32,30,128,2,22,34,297,1,1,2,7,290,418,0,0,1,5,30,6,10,0,1,31:52,10,6,0,12,,http://www.pro-football-reference.com/boxscores/201612040atl.htm?utm_source=direct&utm_medium=Share&utm_campaign=ShareTool
DET,,24,23,85,0,30,42,341,2,0,2,4,337,422,0,0,0,6,39,5,12,0,0,36:52,3,10,6,9,,http://www.pro-football-reference.com/boxscores/201612040nor.htm?utm_source=direct&utm_medium=Share&utm_campaign=ShareTool
NOR,,20,12,50,1,31,44,326,0,3,1,7,319,369,1,0,3,10,83,6,13,0,0,23:08,0,6,0,7,,http://www.pro-football-reference.com/boxscores/201612040nor.htm?utm_source=direct&utm_medium=Share&utm_campaign=ShareTool
DEN,,10,28,104,1,12,24,104,0,0,2,2,102,206,0,0,0,4,32,1,13,0,0,25:26,0,10,7,3,,http://www.pro-football-reference.com/boxscores/201612040jax.htm?utm_source=direct&utm_medium=Share&utm_campaign=ShareTool
JAX,,19,38,154,1,19,42,181,0,2,1,2,179,333,1,1,3,6,65,6,18,1,2,34:34,0,3,0,7,,http://www.pro-football-reference.com/boxscores/201612040jax.htm?utm_source=direct&utm_medium=Share&utm_campaign=ShareTool
LAR,,7,13,36,0,14,32,161,1,2,4,35,126,162,0,0,2,4,30,1,12,1,1,22:03,0,0,3,7,,http://www.pro-football-reference.com/boxscores/201612040nwe.htm?utm_source=direct&utm_medium=Share&utm_campaign=ShareTool
NWE,,20,29,133,1,33,46,269,1,0,0,0,269,402,1,0,0,8,46,4,16,2,2,37:57,7,10,6,3,,http://www.pro-football-reference.com/boxscores/201612040nwe.htm?utm_source=direct&utm_medium=Share&utm_campaign=ShareTool
SFO,,10,34,141,0,5,15,39,0,0,6,33,6,147,1,0,0,11,106,4,14,0,0,28:42,0,6,0,0,,http://www.pro-football-reference.com/boxscores/201612040chi.htm?utm_source=direct&utm_medium=Share&utm_campaign=ShareTool
CHI,,19,40,142,3,11,18,192,0,0,1,8,184,326,2,1,1,5,40,6,14,0,0,31:18,0,7,14,5,,http://www.pro-football-reference.com/boxscores/201612040chi.htm?utm_source=direct&utm_medium=Share&utm_campaign=ShareTool
PHI,,22,19,53,1,36,60,308,1,3,1,2,306,359,0,0,3,10,88,8,17,3,5,31:58,0,0,7,7,,http://www.pro-football-reference.com/boxscores/201612040cin.htm?utm_source=direct&utm_medium=Share&utm_campaign=ShareTool
CIN,,21,33,80,1,23,31,332,2,0,0,0,332,412,2,2,2,3,23,7,14,0,0,28:02,10,9,10,3,,http://www.pro-football-reference.com/boxscores/201612040cin.htm?utm_source=direct&utm_medium=Share&utm_campaign=ShareTool
HOU,,17,27,123,0,22,35,202,2,0,2,18,184,307,1,1,1,3,12,6,15,1,2,31:31,0,0,7,6,,http://www.pro-football-reference.com/boxscores/201612040gnb.htm?utm_source=direct&utm_medium=Share&utm_campaign=ShareTool
GNB,,16,26,109,1,20,30,209,2,0,1,9,200,309,1,1,1,4,30,4,12,1,2,28:29,0,7,0,14,,http://www.pro-football-reference.com/boxscores/201612040gnb.htm?utm_source=direct&utm_medium=Share&utm_campaign=ShareTool
MIA,,16,16,62,0,29,40,226,1,3,2,11,215,277,2,0,3,7,57,4,13,0,0,30:46,0,0,0,6,,http://www.pro-football-reference.com/boxscores/201612040rav.htm?utm_source=direct&utm_medium=Share&utm_campaign=ShareTool
BAL,,28,20,110,1,37,50,386,4,1,0,0,386,496,1,1,2,7,68,5,11,2,2,29:14,14,10,0,14,,http://www.pro-football-reference.com/boxscores/201612040rav.htm?utm_source=direct&utm_medium=Share&utm_campaign=ShareTool
BUF,,24,30,212,3,18,35,191,0,1,4,21,170,382,1,1,2,8,73,9,15,0,0,30:15,3,7,14,0,,http://www.pro-football-reference.com/boxscores/201612040rai.htm?utm_source=direct&utm_medium=Share&utm_campaign=ShareTool
OAK,,24,32,139,2,19,35,260,2,0,0,0,260,399,0,0,0,7,65,5,13,0,0,29:45,3,6,14,15,,http://www.pro-football-reference.com/boxscores/201612040rai.htm?utm_source=direct&utm_medium=Share&utm_campaign=ShareTool
WAS,,19,18,87,1,21,37,271,1,1,2,25,246,333,2,1,2,7,35,5,11,0,0,26:14,0,6,14,3,,http://www.pro-football-reference.com/boxscores/201612040crd.htm?utm_source=direct&utm_medium=Share&utm_campaign=ShareTool
ARI,,24,24,88,1,30,46,300,3,0,2,19,281,369,1,0,0,6,51,10,16,1,1,33:46,7,3,7,14,,http://www.pro-football-reference.com/boxscores/201612040crd.htm?utm_source=direct&utm_medium=Share&utm_campaign=ShareTool
NYG,,16,14,56,0,24,39,195,2,2,2,17,178,234,0,0,2,4,24,4,11,0,3,25:52,0,0,7,7,,http://www.pro-football-reference.com/boxscores/201612040pit.htm?utm_source=direct&utm_medium=Share&utm_campaign=ShareTool
PIT,,20,30,117,0,24,37,289,2,1,2,17,272,389,1,1,2,12,115,7,15,1,1,34:08,5,9,7,3,,http://www.pro-football-reference.com/boxscores/201612040pit.htm?utm_source=direct&utm_medium=Share&utm_campaign=ShareTool
TAM,,20,30,81,1,20,30,280,1,1,1,12,268,349,0,0,1,6,35,5,13,1,1,31:41,7,0,10,11,,http://www.pro-football-reference.com/boxscores/201612040sdg.htm?utm_source=direct&utm_medium=Share&utm_campaign=ShareTool
SDG,,18,25,119,1,15,26,225,2,2,2,14,211,330,0,0,2,6,45,4,8,0,0,28:19,7,7,7,0,,http://www.pro-football-reference.com/boxscores/201612040sdg.htm?utm_source=direct&utm_medium=Share&utm_campaign=ShareTool
CAR,,14,21,89,0,14,33,182,1,1,0,0,182,271,1,1,2,6,63,5,12,0,1,25:59,0,7,0,0,,http://www.pro-football-reference.com/boxscores/201612040sea.htm?utm_source=direct&utm_medium=Share&utm_campaign=ShareTool
SEA,,29,29,240,3,28,39,315,1,1,3,21,294,534,1,0,1,6,37,7,14,0,1,34:01,10,13,7,10,,http://www.pro-football-reference.com/boxscores/201612040sea.htm?utm_source=direct&utm_medium=Share&utm_campaign=ShareTool
IND,,27,40,139,1,23,29,289,4,0,1,7,282,421,2,1,1,3,28,7,13,0,1,38:24,14,10,10,7,,http://www.pro-football-reference.com/boxscores/201612050nyj.htm?utm_source=direct&utm_medium=Share&utm_campaign=ShareTool
NYJ,,13,14,36,0,16,37,216,1,3,1,2,214,250,1,0,3,6,90,3,11,1,2,21:36,0,3,0,7,,http://www.pro-football-reference.com/boxscores/201612050nyj.htm?utm_source=direct&utm_medium=Share&utm_campaign=ShareTool
OAK,,18,31,135,1,17,41,117,0,0,1,8,109,244,1,0,0,10,82,5,18,1,3,31:45,3,7,3,0,,http://www.pro-football-reference.com/boxscores/201612080kan.htm?utm_source=direct&utm_medium=Share&utm_campaign=ShareTool
KAN,,14,27,65,1,17,26,264,1,1,1,6,258,323,2,2,3,9,73,5,11,0,1,28:15,0,21,0,0,,http://www.pro-football-reference.com/boxscores/201612080kan.htm?utm_source=direct&utm_medium=Share&utm_campaign=ShareTool
CIN,,21,38,213,1,20,28,180,2,0,4,33,147,360,1,0,0,6,43,8,15,0,0,34:53,13,7,0,3,,http://www.pro-football-reference.com/boxscores/201612110cle.htm?utm_source=direct&utm_medium=Share&utm_campaign=ShareTool
CLE,,13,22,169,1,12,28,104,0,1,3,19,85,254,0,0,1,5,34,6,14,1,1,25:07,0,0,7,3,,http://www.pro-football-reference.com/boxscores/201612110cle.htm?utm_source=direct&utm_medium=Share&utm_campaign=ShareTool
WAS,,16,23,107,2,14,21,234,2,1,2,7,227,334,0,0,1,5,86,2,7,1,1,23:22,0,7,14,6,,http://www.pro-football-reference.com/boxscores/201612110phi.htm?utm_source=direct&utm_medium=Share&utm_campaign=ShareTool
PHI,,24,26,95,0,32,46,314,1,1,4,26,288,383,3,1,2,5,54,9,18,2,3,36:38,3,10,0,9,,http://www.pro-football-reference.com/boxscores/201612110phi.htm?utm_source=direct&utm_medium=Share&utm_campaign=ShareTool
DEN,,19,9,18,0,36,52,350,1,0,3,20,330,348,2,2,2,9,87,3,11,1,2,27:33,0,0,0,10,,http://www.pro-football-reference.com/boxscores/201612110oti.htm?utm_source=direct&utm_medium=Share&utm_campaign=ShareTool
TEN,,16,42,180,1,6,21,88,0,0,2,15,73,253,1,0,0,5,55,6,16,0,0,32:27,10,3,0,0,,http://www.pro-football-reference.com/boxscores/201612110oti.htm?utm_source=direct&utm_medium=Share&utm_campaign=ShareTool
HOU,,20,41,185,1,14,24,147,0,1,2,16,131,316,1,0,1,7,124,5,14,0,0,36:05,3,10,3,6,,http://www.pro-football-reference.com/boxscores/201612110clt.htm?utm_source=direct&utm_medium=Share&utm_campaign=ShareTool
IND,,21,15,83,0,24,45,276,2,2,1,11,265,348,1,1,3,9,59,5,12,0,1,23:55,3,0,7,7,,http://www.pro-football-reference.com/boxscores/201612110clt.htm?utm_source=direct&utm_medium=Share&utm_campaign=ShareTool
CHI,,16,17,92,0,20,32,212,1,0,1,8,204,296,0,0,0,11,139,4,10,0,1,25:43,3,0,7,7,,http://www.pro-football-reference.com/boxscores/201612110det.htm?utm_source=direct&utm_medium=Share&utm_campaign=ShareTool
DET,,25,28,114,1,21,35,223,1,2,3,14,209,323,0,0,2,7,55,6,12,0,0,34:17,0,10,3,7,,http://www.pro-football-reference.com/boxscores/201612110det.htm?utm_source=direct&utm_medium=Share&utm_campaign=ShareTool
MIN,,22,29,85,1,24,34,292,1,0,0,0,292,377,2,1,1,7,93,3,11,0,1,30:56,6,3,3,13,,http://www.pro-football-reference.com/boxscores/201612110jax.htm?utm_source=direct&utm_medium=Share&utm_campaign=ShareTool
JAX,,18,24,85,0,23,37,257,1,0,4,27,230,315,0,0,0,14,114,7,16,1,1,29:04,0,9,7,0,,http://www.pro-football-reference.com/boxscores/201612110jax.htm?utm_source=direct&utm_medium=Share&utm_campaign=ShareTool
SDG,,17,20,58,0,21,39,236,2,3,5,16,220,278,2,2,5,7,32,5,13,0,1,27:23,0,7,9,0,,http://www.pro-football-reference.com/boxscores/201612110car.htm?utm_source=direct&utm_medium=Share&utm_campaign=ShareTool
CAR,,17,38,126,1,10,27,160,1,1,2,14,146,272,0,0,1,5,35,5,15,1,1,32:37,10,13,3,2,,http://www.pro-football-reference.com/boxscores/201612110car.htm?utm_source=direct&utm_medium=Share&utm_campaign=ShareTool
PIT,,24,42,240,3,17,31,220,0,3,0,0,220,460,0,0,3,6,45,6,14,1,1,38:41,7,7,7,6,,http://www.pro-football-reference.com/boxscores/201612110buf.htm?utm_source=direct&utm_medium=Share&utm_campaign=ShareTool
BUF,,14,18,67,1,15,25,228,2,1,5,20,208,275,0,0,1,7,46,3,9,0,0,21:19,0,7,0,13,,http://www.pro-football-reference.com/boxscores/201612110buf.htm?utm_source=direct&utm_medium=Share&utm_campaign=ShareTool
ARI,,21,27,175,1,18,33,145,2,2,3,20,125,300,4,2,4,7,54,4,13,0,0,29:56,6,3,0,14,,http://www.pro-football-reference.com/boxscores/201612110mia.htm?utm_source=direct&utm_medium=Share&utm_campaign=ShareTool
MIA,,15,31,83,0,18,25,242,3,1,1,11,231,314,5,2,3,14,118,4,13,0,0,30:04,7,7,7,5,,http://www.pro-football-reference.com/boxscores/201612110mia.htm?utm_source=direct&utm_medium=Share&utm_campaign=ShareTool
NYJ,,24,40,188,2,23,35,257,0,1,6,41,216,404,0,0,1,9,56,8,18,1,1,41:55,0,3,3,11,23,http://www.pro-football-reference.com/boxscores/201612110sfo.htm?utm_source=direct&utm_medium=Share&utm_campaign=ShareTool
SFO,,17,27,248,1,15,26,133,1,0,2,17,116,364,0,0,0,3,25,2,12,0,1,24:30,14,3,0,0,17,http://www.pro-football-reference.com/boxscores/201612110sfo.htm?utm_source=direct&utm_medium=Share&utm_campaign=ShareTool
NOR,,14,16,46,0,25,41,257,0,3,1,9,248,294,0,0,3,13,104,4,13,1,2,26:45,0,8,3,0,,http://www.pro-football-reference.com/boxscores/201612110tam.htm?utm_source=direct&utm_medium=Share&utm_campaign=ShareTool
TAM,,21,35,104,1,16,26,184,0,0,2,18,166,270,0,0,0,7,65,6,13,0,0,33:15,3,10,0,3,,http://www.pro-football-reference.com/boxscores/201612110tam.htm?utm_source=direct&utm_medium=Share&utm_campaign=ShareTool
SEA,,22,26,136,0,22,39,240,1,5,3,22,218,354,1,1,6,7,63,6,12,0,1,31:50,3,0,0,7,,http://www.pro-football-reference.com/boxscores/201612110gnb.htm?utm_source=direct&utm_medium=Share&utm_campaign=ShareTool
GNB,,18,30,93,2,18,25,246,3,0,1,9,237,330,0,0,0,5,50,4,11,0,1,28:10,7,14,7,10,,http://www.pro-football-reference.com/boxscores/201612110gnb.htm?utm_source=direct&utm_medium=Share&utm_campaign=ShareTool
ATL,,18,25,66,1,18,30,237,3,0,2,17,220,286,0,0,0,5,40,4,13,0,0,27:08,7,14,21,0,,http://www.pro-football-reference.com/boxscores/201612110ram.htm?utm_source=direct&utm_medium=Share&utm_campaign=ShareTool
LAR,,21,23,104,2,24,41,235,0,2,3,27,208,312,3,3,5,11,105,6,14,0,0,32:52,0,0,0,14,,http://www.pro-football-reference.com/boxscores/201612110ram.htm?utm_source=direct&utm_medium=Share&utm_campaign=ShareTool
DAL,,13,25,108,0,17,37,165,1,2,3,13,152,260,2,1,3,5,54,1,15,1,2,29:08,7,0,0,0,,http://www.pro-football-reference.com/boxscores/201612110nyg.htm?utm_source=direct&utm_medium=Share&utm_campaign=ShareTool
NYG,,12,33,93,0,17,28,193,1,1,3,26,167,260,4,2,3,7,50,2,14,2,2,30:52,0,0,10,0,,http://www.pro-football-reference.com/boxscores/201612110nyg.htm?utm_source=direct&utm_medium=Share&utm_campaign=ShareTool
BAL,,17,14,42,0,37,52,324,2,1,2,18,306,348,0,0,1,8,47,6,16,0,0,30:46,0,3,14,6,,http://www.pro-football-reference.com/boxscores/201612120nwe.htm?utm_source=direct&utm_medium=Share&utm_campaign=ShareTool
NWE,,20,26,95,1,25,38,406,3,1,1,5,401,496,2,2,3,5,48,8,16,1,1,29:14,9,7,7,7,,http://www.pro-football-reference.com/boxscores/201612120nwe.htm?utm_source=direct&utm_medium=Share&utm_campaign=ShareTool
LAR,,13,17,47,0,18,35,167,0,0,4,31,136,183,1,0,0,8,76,3,12,0,4,27:29,0,3,0,0,,http://www.pro-football-reference.com/boxscores/201612150sea.htm?utm_source=direct&utm_medium=Share&utm_campaign=ShareTool
SEA,,19,30,72,0,19,26,229,3,1,2,2,227,299,1,0,1,13,86,7,15,1,1,32:31,0,10,7,7,,http://www.pro-football-reference.com/boxscores/201612150sea.htm?utm_source=direct&utm_medium=Share&utm_campaign=ShareTool
MIA,,13,27,67,0,12,18,236,4,1,1,0,236,303,1,0,1,9,70,5,12,0,0,27:28,0,13,21,0,,http://www.pro-football-reference.com/boxscores/201612170nyj.htm?utm_source=direct&utm_medium=Share&utm_campaign=ShareTool
NYJ,,20,23,116,0,25,46,266,1,3,3,22,244,360,3,1,4,3,42,5,15,0,3,32:32,7,3,0,3,,http://www.pro-football-reference.com/boxscores/201612170nyj.htm?utm_source=direct&utm_medium=Share&utm_campaign=ShareTool
PIT,,26,29,97,0,21,36,286,1,0,1,1,285,382,1,0,0,7,104,5,13,0,0,32:32,3,6,6,9,,http://www.pro-football-reference.com/boxscores/201612180cin.htm?utm_source=direct&utm_medium=Share&utm_campaign=ShareTool
CIN,,19,28,76,2,16,27,157,0,1,1,11,146,222,0,0,1,8,86,6,12,1,1,27:28,10,10,0,0,,http://www.pro-football-reference.com/boxscores/201612180cin.htm?utm_source=direct&utm_medium=Share&utm_campaign=ShareTool
IND,,27,40,161,2,21,28,250,2,0,0,0,250,411,0,0,0,5,55,7,13,0,1,37:02,10,17,0,7,,http://www.pro-football-reference.com/boxscores/201612180min.htm?utm_source=direct&utm_medium=Share&utm_campaign=ShareTool
MIN,,20,9,34,0,32,42,291,0,1,5,43,248,282,2,2,3,6,27,3,9,0,1,22:58,0,0,3,3,,http://www.pro-football-reference.com/boxscores/201612180min.htm?utm_source=direct&utm_medium=Share&utm_campaign=ShareTool
CLE,,16,21,107,1,17,28,196,0,0,5,34,162,269,2,0,0,4,51,3,11,1,1,25:41,3,0,10,0,,http://www.pro-football-reference.com/boxscores/201612180buf.htm?utm_source=direct&utm_medium=Share&utm_campaign=ShareTool
BUF,,29,40,280,3,17,25,174,1,0,1,3,171,451,0,0,0,5,42,4,9,0,1,34:19,10,7,7,9,,http://www.pro-football-reference.com/boxscores/201612180buf.htm?utm_source=direct&utm_medium=Share&utm_campaign=ShareTool
DET,,16,19,56,0,24,39,273,0,1,1,5,268,324,2,1,2,2,15,5,14,0,0,29:44,0,3,3,0,,http://www.pro-football-reference.com/boxscores/201612180nyg.htm?utm_source=direct&utm_medium=Share&utm_campaign=ShareTool
NYG,,17,32,114,0,20,28,201,2,0,2,15,186,300,0,0,0,5,46,7,15,0,0,30:16,7,3,0,7,,http://www.pro-football-reference.com/boxscores/201612180nyg.htm?utm_source=direct&utm_medium=Share&utm_campaign=ShareTool
TEN,,21,29,148,2,19,33,241,0,1,1,0,241,389,2,2,3,2,25,6,14,1,1,30:35,0,7,0,12,,http://www.pro-football-reference.com/boxscores/201612180kan.htm?utm_source=direct&utm_medium=Share&utm_campaign=ShareTool
KAN,,13,28,157,2,15,28,163,0,1,1,4,159,316,2,0,1,5,40,4,14,1,2,29:25,14,3,0,0,,http://www.pro-football-reference.com/boxscores/201612180kan.htm?utm_source=direct&utm_medium=Share&utm_campaign=ShareTool
GNB,,20,23,226,3,19,31,252,0,0,4,27,225,451,0,0,0,8,64,3,10,0,1,32:47,7,3,17,3,,http://www.pro-football-reference.com/boxscores/201612180chi.htm?utm_source=direct&utm_medium=Share&utm_campaign=ShareTool
CHI,,29,19,95,1,30,43,362,2,3,1,8,354,449,1,1,4,6,40,3,8,0,0,27:13,0,10,0,17,,http://www.pro-football-reference.com/boxscores/201612180chi.htm?utm_source=direct&utm_medium=Share&utm_campaign=ShareTool
PHI,,27,38,169,2,22,42,170,0,1,1,11,159,328,3,0,1,3,30,8,18,1,3,36:38,3,11,0,12,,http://www.pro-football-reference.com/boxscores/201612180rav.htm?utm_source=direct&utm_medium=Share&utm_campaign=ShareTool
BAL,,18,24,151,1,16,30,206,2,1,3,17,189,340,2,1,2,7,62,4,11,0,0,23:22,10,10,0,7,,http://www.pro-football-reference.com/boxscores/201612180rav.htm?utm_source=direct&utm_medium=Share&utm_campaign=ShareTool
JAX,,9,20,67,1,12,28,92,0,1,2,9,83,150,0,0,1,12,91,3,13,0,1,23:18,0,13,7,0,,http://www.pro-football-reference.com/boxscores/201612180htx.htm?utm_source=direct&utm_medium=Share&utm_campaign=ShareTool
HOU,,23,31,79,1,29,47,308,0,2,0,0,308,387,3,0,2,6,71,4,14,0,1,36:42,0,5,6,10,,http://www.pro-football-reference.com/boxscores/201612180htx.htm?utm_source=direct&utm_medium=Share&utm_campaign=ShareTool
SFO,,15,20,107,0,20,33,183,2,0,2,18,165,272,1,1,1,4,20,6,13,0,0,23:59,0,13,0,0,,http://www.pro-football-reference.com/boxscores/201612180atl.htm?utm_source=direct&utm_medium=Share&utm_campaign=ShareTool
ATL,,29,41,248,3,18,24,302,2,0,1,0,302,550,2,1,1,4,27,5,9,0,0,36:01,21,7,10,3,,http://www.pro-football-reference.com/boxscores/201612180atl.htm?utm_source=direct&utm_medium=Share&utm_campaign=ShareTool
NOR,,33,32,130,2,37,48,389,4,0,3,31,358,488,1,1,1,5,46,9,14,1,1,37:13,10,14,3,21,,http://www.pro-football-reference.com/boxscores/201612180crd.htm?utm_source=direct&utm_medium=Share&utm_campaign=ShareTool
ARI,,26,15,116,3,28,40,318,2,0,1,9,309,425,2,2,2,7,52,5,10,1,1,22:47,7,13,7,14,,http://www.pro-football-reference.com/boxscores/201612180crd.htm?utm_source=direct&utm_medium=Share&utm_campaign=ShareTool
NWE,,20,39,136,1,16,32,188,0,0,2,11,177,313,3,0,0,4,30,5,17,0,1,33:36,3,7,3,3,,http://www.pro-football-reference.com/boxscores/201612180den.htm?utm_source=direct&utm_medium=Share&utm_campaign=ShareTool
DEN,,15,17,58,0,25,40,282,0,1,4,31,251,309,2,2,3,5,49,2,12,0,1,26:24,3,0,0,0,,http://www.pro-football-reference.com/boxscores/201612180den.htm?utm_source=direct&utm_medium=Share&utm_campaign=ShareTool
OAK,,18,29,145,0,19,30,213,1,1,2,13,200,345,2,1,2,2,15,4,13,0,0,32:17,3,7,3,6,,http://www.pro-football-reference.com/boxscores/201612180sdg.htm?utm_source=direct&utm_medium=Share&utm_campaign=ShareTool
SDG,,14,22,73,0,17,30,206,2,1,3,16,190,263,2,1,2,6,44,8,15,0,1,27:43,7,3,6,0,,http://www.pro-football-reference.com/boxscores/201612180sdg.htm?utm_source=direct&utm_medium=Share&utm_campaign=ShareTool
TAM,,16,20,52,0,17,35,247,2,3,4,23,224,276,2,1,4,3,35,4,12,0,1,23:56,3,3,14,0,,http://www.pro-football-reference.com/boxscores/201612180dal.htm?utm_source=direct&utm_medium=Share&utm_campaign=ShareTool
DAL,,24,32,185,2,32,36,279,0,0,3,15,264,449,2,1,1,8,91,5,13,0,0,36:04,0,17,0,9,,http://www.pro-football-reference.com/boxscores/201612180dal.htm?utm_source=direct&utm_medium=Share&utm_campaign=ShareTool
CAR,,22,33,148,0,21,37,300,2,0,2,10,290,438,1,0,0,6,62,4,15,0,0,34:39,10,3,10,3,,http://www.pro-football-reference.com/boxscores/201612190was.htm?utm_source=direct&utm_medium=Share&utm_campaign=ShareTool
WAS,,18,13,29,1,32,47,315,0,1,1,9,306,335,2,2,3,7,70,2,12,1,1,25:21,3,6,0,6,,http://www.pro-football-reference.com/boxscores/201612190was.htm?utm_source=direct&utm_medium=Share&utm_campaign=ShareTool
NYG,,24,25,114,0,38,63,356,1,3,0,0,356,470,2,0,3,5,50,10,22,1,2,34:04,3,10,3,3,,http://www.pro-football-reference.com/boxscores/201612220phi.htm?utm_source=direct&utm_medium=Share&utm_campaign=ShareTool
PHI,,15,30,118,1,14,25,168,1,1,0,0,168,286,0,0,1,1,5,4,12,0,1,25:56,14,7,0,3,,http://www.pro-football-reference.com/boxscores/201612220phi.htm?utm_source=direct&utm_medium=Share&utm_campaign=ShareTool
WAS,,21,35,208,4,18,29,270,1,0,0,0,270,478,0,0,0,7,73,8,13,0,1,32:35,14,10,7,10,,http://www.pro-football-reference.com/boxscores/201612240chi.htm?utm_source=direct&utm_medium=Share&utm_campaign=ShareTool
CHI,,31,26,140,1,24,40,323,2,5,1,5,318,458,0,0,5,4,52,7,10,1,1,27:25,0,14,0,7,,http://www.pro-football-reference.com/boxscores/201612240chi.htm?utm_source=direct&utm_medium=Share&utm_campaign=ShareTool
MIN,,22,20,93,0,34,50,382,3,0,4,29,353,446,2,2,2,8,70,5,15,3,3,31:01,3,10,0,12,,http://www.pro-football-reference.com/boxscores/201612240gnb.htm?utm_source=direct&utm_medium=Share&utm_campaign=ShareTool
GNB,,19,15,40,1,28,39,347,4,0,4,39,308,348,1,0,0,3,21,6,13,0,0,28:59,14,14,0,10,,http://www.pro-football-reference.com/boxscores/201612240gnb.htm?utm_source=direct&utm_medium=Share&utm_campaign=ShareTool
TEN,,19,20,58,0,21,44,223,2,1,3,18,205,263,1,0,1,6,49,5,14,0,1,27:29,0,7,3,7,,http://www.pro-football-reference.com/boxscores/201612240jax.htm?utm_source=direct&utm_medium=Share&utm_campaign=ShareTool
JAX,,25,28,84,1,27,39,345,2,0,2,14,331,415,2,1,1,4,45,4,12,0,0,32:31,10,9,6,13,,http://www.pro-football-reference.com/boxscores/201612240jax.htm?utm_source=direct&utm_medium=Share&utm_campaign=ShareTool
SDG,,19,19,34,0,23,46,322,2,1,0,0,322,356,1,0,1,9,92,5,15,2,2,27:31,10,0,7,0,,http://www.pro-football-reference.com/boxscores/201612240cle.htm?utm_source=direct&utm_medium=Share&utm_campaign=ShareTool
CLE,,23,29,124,2,19,28,175,0,0,9,48,127,251,0,0,0,4,44,6,15,1,1,32:29,7,10,3,0,,http://www.pro-football-reference.com/boxscores/201612240cle.htm?utm_source=direct&utm_medium=Share&utm_campaign=ShareTool
MIA,,22,38,261,2,16,30,233,2,1,0,0,233,494,0,0,1,2,15,5,12,0,0,33:40,7,7,14,3,34,http://www.pro-football-reference.com/boxscores/201612240buf.htm?utm_source=direct&utm_medium=Share&utm_campaign=ShareTool
BUF,,30,49,272,1,26,39,329,3,0,2,12,317,589,1,0,0,5,35,8,18,1,2,40:33,0,7,14,10,31,http://www.pro-football-reference.com/boxscores/201612240buf.htm?utm_source=direct&utm_medium=Share&utm_campaign=ShareTool
ATL,,21,24,152,1,27,33,277,2,0,4,21,256,408,1,0,0,6,45,6,14,0,0,32:45,13,7,3,10,,http://www.pro-football-reference.com/boxscores/201612240car.htm?utm_source=direct&utm_medium=Share&utm_campaign=ShareTool
CAR,,17,23,119,0,18,43,198,1,2,2,15,183,302,0,0,2,4,24,4,15,3,4,27:15,0,3,10,3,,http://www.pro-football-reference.com/boxscores/201612240car.htm?utm_source=direct&utm_medium=Share&utm_campaign=ShareTool
NYJ,,14,29,111,0,8,24,136,0,3,2,8,128,239,1,1,4,6,77,1,11,2,3,25:17,0,0,0,3,,http://www.pro-football-reference.com/boxscores/201612240nwe.htm?utm_source=direct&utm_medium=Share&utm_campaign=ShareTool
NWE,,21,40,114,2,18,29,220,3,0,1,9,211,325,1,0,0,3,20,11,18,0,0,34:43,10,17,7,7,,http://www.pro-football-reference.com/boxscores/201612240nwe.htm?utm_source=direct&utm_medium=Share&utm_campaign=ShareTool
IND,,20,24,102,1,19,29,288,2,2,0,0,288,390,1,1,3,4,22,4,8,0,1,23:55,0,7,7,11,,http://www.pro-football-reference.com/boxscores/201612240rai.htm?utm_source=direct&utm_medium=Share&utm_campaign=ShareTool
OAK,,27,37,210,2,23,34,261,3,0,1,8,253,463,1,0,0,10,93,9,15,0,0,36:05,0,19,14,0,,http://www.pro-football-reference.com/boxscores/201612240rai.htm?utm_source=direct&utm_medium=Share&utm_campaign=ShareTool
SFO,,21,29,70,1,28,37,266,2,1,4,13,253,323,2,1,2,11,100,6,16,1,1,31:03,7,0,0,15,,http://www.pro-football-reference.com/boxscores/201612240ram.htm?utm_source=direct&utm_medium=Share&utm_campaign=ShareTool
LAR,,13,29,99,2,11,24,90,1,2,4,12,78,177,2,0,2,5,45,4,13,1,1,28:57,14,0,0,7,,http://www.pro-football-reference.com/boxscores/201612240ram.htm?utm_source=direct&utm_medium=Share&utm_campaign=ShareTool
ARI,,21,29,94,3,16,27,284,1,0,1,8,276,370,1,1,1,7,85,1,9,0,0,26:18,7,7,0,20,,http://www.pro-football-reference.com/boxscores/201612240sea.htm?utm_source=direct&utm_medium=Share&utm_campaign=ShareTool
SEA,,24,27,78,0,29,45,350,4,0,6,37,313,391,1,1,1,5,40,8,17,0,2,33:42,0,3,7,21,,http://www.pro-football-reference.com/boxscores/201612240sea.htm?utm_source=direct&utm_medium=Share&utm_campaign=ShareTool
TAM,,23,21,89,1,23,35,277,2,2,2,17,260,349,0,0,2,7,63,7,12,0,0,28:24,0,7,14,3,,http://www.pro-football-reference.com/boxscores/201612240nor.htm?utm_source=direct&utm_medium=Share&utm_campaign=ShareTool
NOR,,25,31,123,2,23,34,299,1,0,2,5,294,417,1,0,0,7,59,5,12,0,0,31:36,7,6,15,3,,http://www.pro-football-reference.com/boxscores/201612240nor.htm?utm_source=direct&utm_medium=Share&utm_campaign=ShareTool
CIN,,15,19,50,0,28,41,268,1,1,3,24,244,294,1,0,1,6,60,7,16,1,1,28:54,0,3,0,7,,http://www.pro-football-reference.com/boxscores/201612240htx.htm?utm_source=direct&utm_medium=Share&utm_campaign=ShareTool
HOU,,17,24,95,1,18,29,176,0,0,4,21,155,250,1,0,0,3,25,4,14,0,0,31:06,0,0,3,9,,http://www.pro-football-reference.com/boxscores/201612240htx.htm?utm_source=direct&utm_medium=Share&utm_campaign=ShareTool
BAL,,22,26,122,1,30,44,262,1,1,2,16,246,368,2,0,1,7,95,9,17,0,1,34:37,3,3,11,10,,http://www.pro-football-reference.com/boxscores/201612250pit.htm?utm_source=direct&utm_medium=Share&utm_campaign=ShareTool
PIT,,23,22,127,1,24,33,279,3,2,0,0,279,406,0,0,2,4,45,3,7,0,0,25:23,7,0,3,21,,http://www.pro-football-reference.com/boxscores/201612250pit.htm?utm_source=direct&utm_medium=Share&utm_campaign=ShareTool
DEN,,14,14,63,1,17,43,183,0,1,0,0,183,246,3,2,3,9,70,4,15,1,2,21:59,7,3,0,0,,http://www.pro-football-reference.com/boxscores/201612250kan.htm?utm_source=direct&utm_medium=Share&utm_campaign=ShareTool
KAN,,23,37,238,2,26,37,246,2,1,0,0,246,484,2,0,1,8,65,9,17,0,0,38:01,21,0,0,12,,http://www.pro-football-reference.com/boxscores/201612250kan.htm?utm_source=direct&utm_medium=Share&utm_campaign=ShareTool
DET,,23,20,90,3,26,46,260,0,1,4,31,229,319,2,1,2,5,62,5,12,2,2,30:43,7,14,0,0,,http://www.pro-football-reference.com/boxscores/201612260dal.htm?utm_source=direct&utm_medium=Share&utm_campaign=ShareTool
DAL,,23,30,164,2,16,21,222,4,0,1,11,211,375,0,0,0,8,47,4,8,0,0,29:17,14,7,14,7,,http://www.pro-football-reference.com/boxscores/201612260dal.htm?utm_source=direct&utm_medium=Share&utm_campaign=ShareTool
CLE,,27,33,231,1,29,40,232,2,1,4,26,206,437,4,3,4,5,37,8,15,0,0,38:54,7,7,0,7,24,http://www.pro-football-reference.com/boxscores/201701010pit.htm?utm_source=direct&utm_medium=Share&utm_campaign=ShareTool
PIT,,21,28,69,1,24,37,277,3,1,4,34,243,312,1,0,1,9,43,3,14,2,2,33:09,0,7,0,14,27,http://www.pro-football-reference.com/boxscores/201701010pit.htm?utm_source=direct&utm_medium=Share&utm_campaign=ShareTool
CAR,,18,32,128,1,18,32,237,1,3,3,30,207,335,0,0,3,4,45,4,15,2,2,32:24,7,0,3,6,,http://www.pro-football-reference.com/boxscores/201701010tam.htm?utm_source=direct&utm_medium=Share&utm_campaign=ShareTool
TAM,,18,25,112,0,20,35,202,1,1,3,14,188,300,1,1,2,5,30,4,12,0,0,27:36,3,0,7,7,,http://www.pro-football-reference.com/boxscores/201701010tam.htm?utm_source=direct&utm_medium=Share&utm_campaign=ShareTool
HOU,,20,22,46,1,26,48,278,1,0,4,35,243,289,1,1,1,6,35,3,15,4,6,29:08,0,0,10,7,,http://www.pro-football-reference.com/boxscores/201701010oti.htm?utm_source=direct&utm_medium=Share&utm_campaign=ShareTool
TEN,,16,29,103,1,16,26,150,1,1,4,17,133,236,0,0,1,7,50,9,15,0,0,30:52,7,7,7,3,,http://www.pro-football-reference.com/boxscores/201701010oti.htm?utm_source=direct&utm_medium=Share&utm_campaign=ShareTool
BUF,,14,28,68,1,15,31,182,0,1,3,20,162,230,2,2,3,0,0,6,16,0,1,28:33,0,3,0,7,,http://www.pro-football-reference.com/boxscores/201701010nyj.htm?utm_source=direct&utm_medium=Share&utm_campaign=ShareTool
NYJ,,18,30,127,0,20,30,210,2,0,1,8,202,329,1,0,0,2,15,4,13,0,2,31:27,0,10,10,10,,http://www.pro-football-reference.com/boxscores/201701010nyj.htm?utm_source=direct&utm_medium=Share&utm_campaign=ShareTool
NWE,,22,29,120,1,25,34,276,3,0,0,0,276,396,0,0,0,7,64,7,12,0,0,31:22,14,6,7,8,,http://www.pro-football-reference.com/boxscores/201701010mia.htm?utm_source=direct&utm_medium=Share&utm_campaign=ShareTool
MIA,,16,23,75,0,24,34,205,2,1,0,0,205,280,3,1,2,9,73,7,12,0,0,28:38,0,7,7,0,,http://www.pro-football-reference.com/boxscores/201701010mia.htm?utm_source=direct&utm_medium=Share&utm_campaign=ShareTool
JAX,,23,30,182,1,25,39,301,1,0,2,13,288,470,2,2,2,8,54,4,14,0,0,29:36,10,7,0,3,,http://www.pro-football-reference.com/boxscores/201701010clt.htm?utm_source=direct&utm_medium=Share&utm_campaign=ShareTool
IND,,24,22,94,1,24,41,321,2,1,4,31,290,384,1,1,2,4,35,2,10,1,1,30:24,0,3,14,7,,http://www.pro-football-reference.com/boxscores/201701010clt.htm?utm_source=direct&utm_medium=Share&utm_campaign=ShareTool
CHI,,19,37,183,0,13,20,149,1,2,2,9,140,323,4,3,5,6,49,2,9,1,2,29:48,0,10,0,0,,http://www.pro-football-reference.com/boxscores/201701010min.htm?utm_source=direct&utm_medium=Share&utm_campaign=ShareTool
MIN,,21,28,124,1,25,34,250,3,1,0,0,250,374,0,0,1,2,15,6,12,0,1,30:12,7,17,0,14,,http://www.pro-football-reference.com/boxscores/201701010min.htm?utm_source=direct&utm_medium=Share&utm_campaign=ShareTool
DAL,,15,21,69,0,16,29,151,1,2,3,25,126,195,1,0,2,5,35,5,12,0,0,24:18,0,10,3,0,,http://www.pro-football-reference.com/boxscores/201701010phi.htm?utm_source=direct&utm_medium=Share&utm_campaign=ShareTool
PHI,,24,30,114,1,27,43,245,2,0,2,13,232,346,0,0,0,4,61,6,14,0,1,35:42,3,7,7,10,,http://www.pro-football-reference.com/boxscores/201701010phi.htm?utm_source=direct&utm_medium=Share&utm_campaign=ShareTool
BAL,,22,16,72,1,33,51,279,0,2,3,16,263,335,0,0,2,4,41,8,16,1,3,29:18,3,0,0,7,,http://www.pro-football-reference.com/boxscores/201701010cin.htm?utm_source=direct&utm_medium=Share&utm_campaign=ShareTool
CIN,,25,38,153,2,18,28,226,1,0,1,8,218,371,1,0,0,2,20,1,8,0,0,30:42,14,6,0,7,,http://www.pro-football-reference.com/boxscores/201701010cin.htm?utm_source=direct&utm_medium=Share&utm_campaign=ShareTool
KAN,,26,31,103,1,21,28,264,2,1,1,2,262,365,0,0,1,4,19,8,12,0,0,30:48,3,17,14,3,,http://www.pro-football-reference.com/boxscores/201701010sdg.htm?utm_source=direct&utm_medium=Share&utm_campaign=ShareTool
SDG,,26,26,129,0,22,38,269,2,2,0,0,269,398,0,0,2,10,50,3,10,2,2,29:12,3,7,7,10,,http://www.pro-football-reference.com/boxscores/201701010sdg.htm?utm_source=direct&utm_medium=Share&utm_campaign=ShareTool
SEA,,18,25,87,1,23,38,300,1,0,2,11,289,376,3,0,0,4,34,3,12,0,1,29:34,3,16,3,3,,http://www.pro-football-reference.com/boxscores/201701010sfo.htm?utm_source=direct&utm_medium=Share&utm_campaign=ShareTool
SFO,,14,31,62,2,17,22,215,1,0,5,24,191,253,3,2,2,4,25,2,11,2,3,30:26,7,7,2,7,,http://www.pro-football-reference.com/boxscores/201701010sfo.htm?utm_source=direct&utm_medium=Share&utm_campaign=ShareTool
OAK,,11,16,57,0,20,32,171,1,1,2,7,164,221,3,2,3,13,125,2,11,0,1,24:35,0,0,6,0,,http://www.pro-football-reference.com/boxscores/201701010den.htm?utm_source=direct&utm_medium=Share&utm_campaign=ShareTool
DEN,,18,40,143,1,17,27,206,2,1,0,0,206,349,1,0,1,5,43,5,15,1,3,35:25,7,10,7,0,,http://www.pro-football-reference.com/boxscores/201701010den.htm?utm_source=direct&utm_medium=Share&utm_campaign=ShareTool
ARI,,21,24,84,1,22,42,263,3,2,1,3,260,344,1,0,2,4,51,4,14,1,2,27:58,3,13,14,14,,http://www.pro-football-reference.com/boxscores/201701010ram.htm?utm_source=direct&utm_medium=Share&utm_campaign=ShareTool
LAR,,9,22,52,0,17,28,143,0,2,7,72,71,123,5,1,3,9,61,2,14,1,2,32:02,0,6,0,0,,http://www.pro-football-reference.com/boxscores/201701010ram.htm?utm_source=direct&utm_medium=Share&utm_campaign=ShareTool
NOR,,26,23,132,2,29,50,350,2,1,2,9,341,473,1,0,1,6,70,7,16,3,3,30:15,10,3,0,19,,http://www.pro-football-reference.com/boxscores/201701010atl.htm?utm_source=direct&utm_medium=Share&utm_campaign=ShareTool
ATL,,25,22,142,1,27,36,331,4,0,1,8,323,465,0,0,0,9,63,6,11,0,0,29:45,14,21,3,0,,http://www.pro-football-reference.com/boxscores/201701010atl.htm?utm_source=direct&utm_medium=Share&utm_campaign=ShareTool
NYG,,17,40,161,1,17,27,180,0,0,1,9,171,332,0,0,0,5,42,6,17,0,1,35:52,3,7,0,9,,http://www.pro-football-reference.com/boxscores/201701010was.htm?utm_source=direct&utm_medium=Share&utm_campaign=ShareTool
WAS,,16,15,38,0,22,35,287,1,2,4,41,246,284,2,1,3,5,42,4,12,0,0,24:08,0,0,3,7,,http://www.pro-football-reference.com/boxscores/201701010was.htm?utm_source=direct&utm_medium=Share&utm_campaign=ShareTool
GNB,,28,31,153,0,27,39,300,4,0,1,5,295,448,0,0,0,10,75,7,13,0,0,34:09,0,10,7,14,,http://www.pro-football-reference.com/boxscores/201701010det.htm?utm_source=direct&utm_medium=Share&utm_campaign=ShareTool
DET,,24,21,76,1,26,41,347,2,1,2,15,332,408,0,0,1,5,30,5,12,0,0,25:51,0,14,0,10,,http://www.pro-football-reference.com/boxscores/201701010det.htm?utm_source=direct&utm_medium=Share&utm_campaign=ShareTool
