Team,1st Downs,RushAtt,RushYDs,RushTDs,PassComp,PassAtt,PassYds,PassTDs,INT,Sacked,SackedYDs,NetPassYDs,TotalYDs,Fumbles,FumblesLost,TotalTurnovers,Penalties,PenaltyYDs,3rdMade,3rdAtt,4thMade,4thAtt,TOP,Q1pts,Q2pts,Q3pts,Q4pts,OTpts,URL
ARI,21,16,60,1,23,41,235,1,4,3,8,227,287,3,3,7,8,51,3,10,2,2,23:21,0,7,0,8,null,http://www.pro-football-reference.com/boxscores/201601240car.htm
CAR,21,37,152,3,19,28,335,2,1,1,11,324,476,0,0,1,5,45,8,14,0,1,36:39:00,17,7,10,15,null,http://www.pro-football-reference.com/boxscores/201601240car.htm
ARI,21,28,115,1,17,24,185,4,1,0,0,185,300,1,1,2,8,58,5,9,1,1,30:04:00,14,14,14,6,null,http://www.pro-football-reference.com/boxscores/201509200chi.htm
CHI,18,28,109,1,22,32,241,1,2,2,15,226,335,3,0,2,14,170,2,12,0,1,29:56:00,7,13,3,0,null,http://www.pro-football-reference.com/boxscores/201509200chi.htm
ARI,25,38,119,0,23,38,374,4,1,1,2,372,491,4,3,4,5,25,13,16,0,0,34:23:00,7,3,14,10,null,http://www.pro-football-reference.com/boxscores/201511010cle.htm
CLE,16,20,39,0,21,40,223,3,1,1,8,215,254,3,1,2,7,35,9,16,0,1,25:37:00,7,13,0,0,null,http://www.pro-football-reference.com/boxscores/201511010cle.htm
ARI,15,25,187,3,12,18,171,3,0,2,13,158,345,0,0,0,9,70,1,8,0,0,23:28,0,28,7,7,null,http://www.pro-football-reference.com/boxscores/201510110det.htm
DET,29,18,56,0,41,70,379,2,4,1,0,379,435,3,2,6,9,85,8,17,0,1,36:32:00,7,0,0,10,null,http://www.pro-football-reference.com/boxscores/201510110det.htm
ARI,28,39,230,3,20,33,274,1,0,2,11,263,493,1,0,0,1,10,8,14,0,0,37:28:00,7,10,13,10,null,http://www.pro-football-reference.com/boxscores/201512200phi.htm
PHI,19,20,74,0,28,41,361,2,2,2,11,350,424,2,2,4,5,38,6,12,0,2,22:32,3,7,0,7,null,http://www.pro-football-reference.com/boxscores/201512200phi.htm
ARI,21,20,55,0,29,45,421,1,2,1,7,414,469,2,1,3,9,111,5,12,0,1,31:09:00,7,3,0,3,null,http://www.pro-football-reference.com/boxscores/201510180pit.htm
PIT,14,32,141,0,11,20,174,2,0,1,5,169,310,0,0,0,6,48,3,12,0,0,28:51:00,0,3,12,10,null,http://www.pro-football-reference.com/boxscores/201510180pit.htm
ARI,30,33,117,1,29,47,363,3,1,3,29,334,451,2,2,3,9,66,8,17,0,0,38:52:00,0,22,3,14,null,http://www.pro-football-reference.com/boxscores/201511150sea.htm
SEA,18,18,115,2,14,32,240,1,1,2,12,228,343,2,0,1,14,131,1,8,1,1,21:08,0,7,10,15,null,http://www.pro-football-reference.com/boxscores/201511150sea.htm
ARI,26,29,70,2,24,40,271,0,0,1,4,267,337,0,0,0,7,47,7,14,0,1,37:27:00,3,3,7,6,null,http://www.pro-football-reference.com/boxscores/201511290sfo.htm
SFO,17,17,67,0,25,36,318,1,1,2,17,301,368,2,1,2,13,81,0,9,1,2,22:33,0,3,10,0,null,http://www.pro-football-reference.com/boxscores/201511290sfo.htm
ARI,29,36,175,1,27,41,362,2,0,2,13,349,524,1,0,0,3,25,7,16,0,1,39:47:00,7,3,14,3,null,http://www.pro-football-reference.com/boxscores/201512060ram.htm
STL,9,15,66,0,15,35,146,0,1,0,0,146,212,1,0,1,7,104,1,12,1,2,20:13,0,0,3,0,null,http://www.pro-football-reference.com/boxscores/201512060ram.htm
ATL,15,16,54,0,25,41,235,0,2,5,59,176,230,4,2,4,6,54,4,14,1,4,28:21:00,0,0,0,0,null,http://www.pro-football-reference.com/boxscores/201512130car.htm
CAR,20,32,142,2,19,27,301,3,0,2,19,282,424,0,0,0,6,60,6,12,0,1,31:21:00,21,7,10,0,null,http://www.pro-football-reference.com/boxscores/201512130car.htm
ATL,26,32,158,3,24,36,285,2,0,1,5,280,438,0,0,0,6,70,9,14,0,0,34:13:00,7,10,8,14,null,http://www.pro-football-reference.com/boxscores/201509270dal.htm
DAL,23,21,127,4,22,26,232,0,1,2,12,220,347,0,0,1,5,31,1,6,0,1,25:47:00,14,14,0,0,null,http://www.pro-football-reference.com/boxscores/201509270dal.htm
ATL,22,33,83,1,22,35,246,1,1,1,1,245,328,0,0,1,5,43,7,14,0,0,34:33:00,7,10,0,6,null,http://www.pro-football-reference.com/boxscores/201512200jax.htm
JAX,21,20,85,1,23,38,297,1,1,2,12,285,370,3,0,1,5,62,0,8,0,1,25:27:00,0,3,14,0,null,http://www.pro-football-reference.com/boxscores/201512200jax.htm
ATL,23,21,150,1,30,44,295,2,0,5,32,263,413,5,3,3,7,41,3,12,3,4,27:30:00,0,7,0,14,null,http://www.pro-football-reference.com/boxscores/201510150nor.htm
NOR,25,32,81,2,30,39,312,1,0,1,8,304,385,0,0,0,3,15,8,16,1,1,32:30:00,14,0,10,7,null,http://www.pro-football-reference.com/boxscores/201510150nor.htm
ATL,25,22,56,2,30,46,363,1,0,2,17,346,402,0,0,0,6,65,11,17,0,0,31:35:00,7,3,0,14,null,http://www.pro-football-reference.com/boxscores/201509200nyg.htm
NYG,19,23,97,0,27,40,292,2,0,2,1,291,388,2,1,1,6,35,10,17,0,1,28:25:00,0,13,7,0,null,http://www.pro-football-reference.com/boxscores/201509200nyg.htm
ATL,17,14,17,0,30,45,303,1,0,2,18,285,302,1,0,0,6,63,5,15,0,0,32:08:00,3,10,0,3,null,http://www.pro-football-reference.com/boxscores/201511080sfo.htm
SFO,18,38,133,0,15,26,185,2,2,0,0,185,318,0,0,2,5,30,6,15,2,2,27:52:00,0,17,0,0,null,http://www.pro-football-reference.com/boxscores/201511080sfo.htm
ATL,21,18,64,0,30,45,269,1,1,3,14,255,319,1,0,1,7,58,8,16,0,0,28:45:00,0,9,3,7,null,http://www.pro-football-reference.com/boxscores/201512060tam.htm
TAM,25,37,166,2,18,27,227,1,1,1,5,222,388,1,1,2,8,53,6,11,0,0,31:15:00,7,0,9,7,null,http://www.pro-football-reference.com/boxscores/201512060tam.htm
ATL,21,31,127,0,22,38,251,1,2,0,0,251,378,1,0,2,6,53,5,14,0,2,34:45:00,0,3,7,0,null,http://www.pro-football-reference.com/boxscores/201510250oti.htm
TEN,15,16,77,0,22,35,187,1,2,1,8,179,256,1,0,2,5,45,1,9,0,1,25:15:00,0,7,0,0,null,http://www.pro-football-reference.com/boxscores/201510250oti.htm
BAL,18,16,55,1,26,40,252,1,1,3,31,221,276,1,1,2,9,64,5,13,1,1,30:24:00,3,7,0,8,null,http://www.pro-football-reference.com/boxscores/201510260crd.htm
ARI,21,28,150,1,20,29,275,2,0,2,11,264,414,2,0,0,4,40,5,12,0,0,29:36:00,7,7,6,6,null,http://www.pro-football-reference.com/boxscores/201510260crd.htm
BAL,22,21,59,0,30,56,292,1,2,1,10,282,341,0,0,2,4,38,12,20,0,2,29:16:00,0,9,0,7,null,http://www.pro-football-reference.com/boxscores/201601030cin.htm
CIN,17,27,145,1,17,27,160,2,0,3,13,147,292,1,0,0,11,72,0,9,1,1,30:44:00,0,7,14,3,null,http://www.pro-football-reference.com/boxscores/201601030cin.htm
BAL,16,23,104,0,20,34,232,2,2,0,0,232,336,0,0,2,7,50,2,11,2,2,29:30:00,10,7,7,9,null,http://www.pro-football-reference.com/boxscores/201511300cle.htm
CLE,21,18,63,0,28,48,289,2,0,2,14,275,338,0,0,0,2,15,4,15,2,2,30:30:00,0,13,7,7,null,http://www.pro-football-reference.com/boxscores/201511300cle.htm
BAL,11,23,73,0,18,32,117,0,2,2,17,100,173,0,0,2,3,15,2,13,1,1,22:43,0,3,10,0,null,http://www.pro-football-reference.com/boxscores/201509130den.htm
DEN,16,25,69,0,24,40,175,0,1,4,25,150,219,0,0,1,8,45,8,18,0,0,37:17:00,6,3,7,3,null,http://www.pro-football-reference.com/boxscores/201509130den.htm
BAL,22,26,94,0,32,46,308,1,2,3,27,281,375,0,0,2,5,36,5,14,0,1,38:09:00,0,3,7,3,null,http://www.pro-football-reference.com/boxscores/201512060mia.htm
MIA,8,26,137,0,9,19,86,1,0,1,4,82,219,1,1,1,5,31,4,13,0,0,21:51,0,15,0,0,null,http://www.pro-football-reference.com/boxscores/201512060mia.htm
BAL,29,25,109,1,32,45,384,2,1,0,0,384,493,1,1,2,10,109,4,11,2,2,30:27:00,10,10,0,13,null,http://www.pro-football-reference.com/boxscores/201509200rai.htm
OAK,27,19,97,1,30,46,351,3,1,1,0,351,448,0,0,1,16,106,9,14,0,0,29:33:00,10,10,10,7,null,http://www.pro-football-reference.com/boxscores/201509200rai.htm
BAL,21,39,191,1,21,34,186,1,1,5,21,165,356,3,1,2,4,30,6,17,1,4,37:43:00,7,0,7,6,3,http://www.pro-football-reference.com/boxscores/201510010pit.htm
PIT,17,33,167,1,19,26,124,1,0,4,28,96,263,2,0,0,4,20,2,13,0,2,32:09:00,3,10,7,0,0,http://www.pro-football-reference.com/boxscores/201510010pit.htm
BAL,25,22,77,0,33,53,343,2,2,0,0,343,420,0,0,2,3,15,4,13,1,1,33:07:00,0,6,7,7,null,http://www.pro-football-reference.com/boxscores/201510180sfo.htm
SFO,15,25,65,0,16,27,340,2,0,3,14,326,391,1,0,0,4,25,5,13,0,0,26:53:00,6,10,3,6,null,http://www.pro-football-reference.com/boxscores/201510180sfo.htm
BUF,26,28,115,0,24,42,298,2,2,4,38,260,375,4,2,4,10,87,3,12,0,1,31:22:00,3,10,0,18,null,http://www.pro-football-reference.com/boxscores/201510250jax.htm
JAX,17,32,120,1,13,29,182,2,1,2,7,175,295,1,0,1,10,66,5,14,0,1,28:38:00,0,27,0,7,null,http://www.pro-football-reference.com/boxscores/201510250jax.htm
BUF,25,28,129,0,21,38,291,3,0,1,5,286,415,4,2,2,9,91,5,12,0,1,30:32:00,10,6,6,0,null,http://www.pro-football-reference.com/boxscores/201511290kan.htm
KAN,21,27,158,1,19,30,255,2,0,1,0,255,413,0,0,0,8,58,6,13,0,0,29:28:00,0,14,10,6,null,http://www.pro-football-reference.com/boxscores/201511290kan.htm
BUF,21,34,151,1,21,29,277,3,0,0,0,277,428,0,0,0,5,40,7,13,0,0,31:53:00,14,13,0,14,null,http://www.pro-football-reference.com/boxscores/201509270mia.htm
MIA,21,20,102,0,26,49,297,2,3,2,8,289,391,1,0,3,6,36,4,13,1,4,28:07:00,0,0,8,6,null,http://www.pro-football-reference.com/boxscores/201509270mia.htm
BUF,16,30,94,1,20,36,233,0,0,2,8,225,319,4,1,1,5,44,3,15,1,1,32:55:00,0,3,7,3,null,http://www.pro-football-reference.com/boxscores/201511230nwe.htm
NWE,18,22,85,1,20,39,277,1,1,1,6,271,356,1,0,1,5,61,4,14,0,0,27:05:00,3,7,10,0,null,http://www.pro-football-reference.com/boxscores/201511230nwe.htm
BUF,13,33,148,0,17,27,158,1,0,4,26,132,280,1,0,0,5,44,5,16,0,1,33:16:00,0,12,10,0,null,http://www.pro-football-reference.com/boxscores/201511120nyj.htm
NYJ,15,24,128,0,15,34,193,2,2,1,3,190,318,2,2,4,3,20,3,13,1,3,26:44:00,3,0,7,7,null,http://www.pro-football-reference.com/boxscores/201511120nyj.htm
BUF,18,32,152,1,19,36,268,1,1,1,8,260,412,2,1,2,15,101,6,16,0,0,35:02:00,7,3,10,0,null,http://www.pro-football-reference.com/boxscores/201512130phi.htm
PHI,20,34,116,1,23,38,247,1,1,1,15,232,348,0,0,1,5,55,9,18,0,0,24:58:00,7,10,3,3,null,http://www.pro-football-reference.com/boxscores/201512130phi.htm
BUF,13,28,127,1,11,18,113,1,0,4,31,82,209,2,1,1,7,62,4,12,0,0,24:29:00,0,0,7,7,null,http://www.pro-football-reference.com/boxscores/201510110oti.htm
TEN,17,28,97,1,21,32,187,0,1,2,8,179,276,0,0,1,9,74,5,13,0,0,35:31:00,0,3,7,3,null,http://www.pro-football-reference.com/boxscores/201510110oti.htm
BUF,21,31,240,1,16,27,235,2,0,5,23,212,452,1,0,0,8,56,5,13,1,3,30:56:00,0,0,17,8,null,http://www.pro-football-reference.com/boxscores/201512200was.htm
WAS,23,27,123,1,22,28,319,4,0,1,11,308,431,1,1,1,5,6,7,11,0,0,29:04:00,7,14,7,7,null,http://www.pro-football-reference.com/boxscores/201512200was.htm
CAR,18,20,155,1,17,30,142,0,0,2,29,113,268,1,1,1,4,40,4,10,0,1,24:22:00,7,0,3,3,null,http://www.pro-football-reference.com/boxscores/201512270atl.htm
ATL,21,30,77,1,23,30,306,1,0,2,10,296,373,2,1,1,3,20,9,15,0,0,35:38:00,0,7,7,6,null,http://www.pro-football-reference.com/boxscores/201512270atl.htm
CAR,18,37,129,1,16,27,183,0,0,1,18,165,294,1,0,0,8,53,8,16,0,0,35:14:00,10,13,7,3,null,http://www.pro-football-reference.com/boxscores/201511260dal.htm
DAL,14,14,31,0,24,40,199,1,3,2,20,179,210,0,0,3,5,40,6,13,0,1,24:46:00,3,0,3,8,null,http://www.pro-football-reference.com/boxscores/201511260dal.htm
CAR,21,27,118,1,18,41,265,0,1,7,68,197,315,4,3,4,12,102,3,15,0,0,32:47:00,0,7,0,3,null,http://www.pro-football-reference.com/boxscores/201602070den.htm
DEN,11,28,90,1,13,23,141,0,1,5,37,104,194,3,1,2,6,51,1,14,0,0,27:13:00,10,3,3,8,null,http://www.pro-football-reference.com/boxscores/201602070den.htm
CAR,17,35,105,0,18,31,175,1,1,2,17,158,263,0,0,1,3,22,8,17,1,1,34:06:00,3,7,7,3,null,http://www.pro-football-reference.com/boxscores/201509130jax.htm
JAX,18,21,96,0,22,40,183,1,2,5,14,169,265,1,1,3,3,25,3,12,1,2,25:54:00,3,6,0,0,null,http://www.pro-football-reference.com/boxscores/201509130jax.htm
CAR,33,34,175,1,28,41,331,5,1,1,9,322,497,2,2,3,8,87,3,8,2,2,36:34:00,0,13,14,14,null,http://www.pro-football-reference.com/boxscores/201512060nor.htm
NOR,21,14,70,1,24,42,282,3,1,2,18,264,334,1,0,1,11,104,3,10,0,1,23:26,14,2,8,14,null,http://www.pro-football-reference.com/boxscores/201512060nor.htm
CAR,28,29,171,0,25,45,340,5,0,3,31,309,480,1,1,1,7,88,9,17,0,0,30:52:00,7,14,14,3,null,http://www.pro-football-reference.com/boxscores/201512200nyg.htm
NYG,21,27,161,1,29,46,245,4,1,0,0,245,406,2,1,2,7,47,6,15,2,2,29:08:00,7,0,7,21,null,http://www.pro-football-reference.com/boxscores/201512200nyg.htm
CAR,25,33,135,3,20,36,269,1,2,3,21,248,383,0,0,2,5,25,4,11,0,1,32:12:00,0,7,7,13,null,http://www.pro-football-reference.com/boxscores/201510180sea.htm
SEA,14,26,115,1,18,30,241,1,0,4,22,219,334,0,0,0,7,48,4,14,0,0,27:48:00,3,7,10,3,null,http://www.pro-football-reference.com/boxscores/201510180sea.htm
CAR,17,33,133,0,11,22,124,2,0,2,13,111,244,2,1,1,5,45,3,11,0,0,27:50:00,10,7,14,6,null,http://www.pro-football-reference.com/boxscores/201510040tam.htm
TAM,25,30,141,1,26,43,287,2,4,2,17,270,411,1,1,5,5,48,8,16,2,2,32:10:00,3,7,7,6,null,http://www.pro-football-reference.com/boxscores/201510040tam.htm
CAR,24,34,119,2,21,26,217,1,0,5,33,184,303,0,0,0,5,45,7,13,0,0,35:55:00,7,7,3,10,null,http://www.pro-football-reference.com/boxscores/201511150oti.htm
TEN,11,21,64,1,16,24,185,0,1,1,7,178,242,3,1,2,4,30,5,12,0,0,24:05:00,7,3,0,0,null,http://www.pro-football-reference.com/boxscores/201511150oti.htm
CHI,24,31,91,2,26,41,353,1,1,1,0,353,444,1,0,1,9,76,6,14,0,0,33:34:00,3,10,3,18,0,http://www.pro-football-reference.com/boxscores/201510180det.htm
DET,26,32,155,0,27,42,405,4,1,2,14,391,546,3,2,3,10,98,9,17,1,1,38:57:00,7,14,3,10,3,http://www.pro-football-reference.com/boxscores/201510180det.htm
CHI,17,31,101,1,19,31,200,1,0,1,11,189,290,2,0,0,12,95,5,14,0,0,31:12:00,0,14,0,3,null,http://www.pro-football-reference.com/boxscores/201511260gnb.htm
GNB,23,28,177,0,22,43,202,1,1,2,14,188,365,3,1,2,3,38,3,11,0,2,28:48:00,7,6,0,0,null,http://www.pro-football-reference.com/boxscores/201511260gnb.htm
CHI,21,26,87,0,26,45,252,2,0,2,11,241,328,2,1,1,6,49,6,14,0,1,33:37:00,3,0,3,12,null,http://www.pro-football-reference.com/boxscores/201510110kan.htm
KAN,16,25,117,0,16,30,181,1,0,3,11,170,287,0,0,0,3,49,5,14,0,0,26:23:00,7,10,0,0,null,http://www.pro-football-reference.com/boxscores/201510110kan.htm
CHI,21,20,94,0,26,37,231,2,1,5,32,199,293,1,1,2,6,39,5,12,1,1,27:50:00,0,7,3,7,null,http://www.pro-football-reference.com/boxscores/201512200min.htm
MIN,20,36,129,1,17,20,231,4,0,1,10,221,350,1,0,0,4,45,8,12,0,0,32:10:00,7,10,7,14,null,http://www.pro-football-reference.com/boxscores/201512200min.htm
CHI,25,29,109,1,27,40,345,2,1,1,8,337,446,1,1,2,6,55,9,15,0,0,33:35:00,0,7,0,15,null,http://www.pro-football-reference.com/boxscores/201511090sdg.htm
SDG,19,19,77,0,26,42,280,1,0,2,18,262,339,1,1,1,8,54,7,13,0,1,26:25:00,7,9,0,3,null,http://www.pro-football-reference.com/boxscores/201511090sdg.htm
CHI,7,27,98,0,9,17,63,0,0,2,15,48,146,0,0,0,6,40,3,13,0,0,27:24:00,0,0,0,0,null,http://www.pro-football-reference.com/boxscores/201509270sea.htm
SEA,17,29,159,0,20,30,235,1,0,4,23,212,371,0,0,0,5,41,5,16,2,2,32:36:00,3,3,14,6,null,http://www.pro-football-reference.com/boxscores/201509270sea.htm
CHI,17,37,153,1,19,24,258,3,0,2,14,244,397,2,2,2,4,44,3,12,1,1,34:22:00,10,14,0,13,null,http://www.pro-football-reference.com/boxscores/201511150ram.htm
STL,12,21,94,1,17,37,200,0,1,1,9,191,285,1,1,2,8,57,4,14,0,2,25:38:00,10,0,3,0,null,http://www.pro-football-reference.com/boxscores/201511150ram.htm
CHI,21,39,174,1,20,27,156,1,0,1,3,153,327,0,0,0,3,25,6,15,0,0,37:03:00,0,13,0,13,null,http://www.pro-football-reference.com/boxscores/201512270tam.htm
TAM,19,25,104,1,15,29,295,2,1,1,10,285,389,5,2,3,4,47,2,8,0,0,22:57,7,0,7,7,null,http://www.pro-football-reference.com/boxscores/201512270tam.htm
CIN,24,28,99,2,22,39,315,2,0,4,37,278,377,3,1,1,10,108,5,13,1,1,31:15:00,7,7,0,17,null,http://www.pro-football-reference.com/boxscores/201511220crd.htm
ARI,21,25,82,0,20,31,317,4,2,2,16,301,383,2,0,2,7,40,5,11,0,0,28:45:00,0,7,21,6,null,http://www.pro-football-reference.com/boxscores/201511220crd.htm
CIN,23,31,86,1,20,32,383,3,1,2,11,372,458,1,1,2,9,67,8,15,1,2,30:08:00,7,7,0,14,null,http://www.pro-football-reference.com/boxscores/201509270rav.htm
BAL,19,18,36,0,32,49,362,2,1,0,0,362,398,1,0,1,13,116,7,16,2,3,29:52:00,0,0,7,17,null,http://www.pro-football-reference.com/boxscores/201509270rav.htm
CIN,21,28,112,1,22,33,243,3,0,0,0,243,355,1,0,0,3,20,7,12,0,0,30:00:00,7,10,14,3,null,http://www.pro-football-reference.com/boxscores/201510180buf.htm
BUF,22,23,112,2,28,42,263,1,1,2,7,256,368,0,0,1,8,93,5,13,1,2,30:00:00,7,7,0,7,null,http://www.pro-football-reference.com/boxscores/201510180buf.htm
CIN,20,33,144,2,16,22,239,2,0,1,6,233,377,0,0,0,5,55,5,12,2,3,30:58:00,7,13,14,3,null,http://www.pro-football-reference.com/boxscores/201512060cle.htm
CLE,18,19,68,0,25,38,230,0,1,3,25,205,273,1,1,2,7,84,6,13,0,2,29:02:00,0,3,0,0,null,http://www.pro-football-reference.com/boxscores/201512060cle.htm
CIN,22,33,108,1,22,35,200,1,0,2,14,186,294,1,1,1,6,45,10,17,0,0,37:28:00,7,7,0,3,0,http://www.pro-football-reference.com/boxscores/201512280den.htm
DEN,22,21,113,1,27,39,299,1,0,3,22,277,390,1,1,1,5,40,4,11,0,0,27:50:00,0,3,7,7,3,http://www.pro-football-reference.com/boxscores/201512280den.htm
CIN,22,31,127,2,25,34,269,2,0,0,0,269,396,0,0,0,6,50,4,13,1,1,32:32:00,7,17,9,0,null,http://www.pro-football-reference.com/boxscores/201509130rai.htm
OAK,16,16,63,0,30,43,203,2,1,2,20,183,246,2,1,2,5,32,3,12,2,3,27:28:00,0,0,0,13,null,http://www.pro-football-reference.com/boxscores/201509130rai.htm
CIN,16,23,78,0,23,38,231,1,2,3,13,218,296,2,0,2,10,94,4,15,0,0,29:51:00,3,3,0,10,null,http://www.pro-football-reference.com/boxscores/201511010pit.htm
PIT,21,19,116,0,28,45,262,1,3,3,22,240,356,0,0,3,10,91,3,11,0,0,30:09:00,7,0,3,0,null,http://www.pro-football-reference.com/boxscores/201511010pit.htm
CIN,14,36,68,2,15,21,192,1,0,4,18,174,242,1,1,1,6,45,4,14,0,1,30:59:00,0,21,3,0,null,http://www.pro-football-reference.com/boxscores/201512200sfo.htm
SFO,17,17,55,1,30,50,295,1,3,4,32,263,318,1,1,4,11,98,2,14,2,2,29:01:00,0,0,7,7,null,http://www.pro-football-reference.com/boxscores/201512200sfo.htm
CLE,25,25,83,1,36,51,457,2,0,4,35,422,505,0,0,0,9,74,12,19,0,0,39:16:00,3,6,7,14,3,http://www.pro-football-reference.com/boxscores/201510110rav.htm
BAL,22,31,181,3,19,35,210,1,0,1,14,196,377,0,0,0,12,98,5,14,0,0,29:01:00,14,0,7,9,0,http://www.pro-football-reference.com/boxscores/201510110rav.htm
CLE,13,17,69,0,15,33,168,1,0,3,24,144,213,0,0,0,4,28,4,13,1,2,23:57,3,7,0,0,null,http://www.pro-football-reference.com/boxscores/201511050cin.htm
CIN,23,37,152,1,21,27,234,3,0,2,15,219,371,0,0,0,2,20,8,14,1,1,36:03:00,7,7,3,14,null,http://www.pro-football-reference.com/boxscores/201511050cin.htm
CLE,21,36,232,1,13,32,136,0,1,0,0,136,368,0,0,1,8,83,6,15,3,4,31:04:00,0,3,7,3,null,http://www.pro-football-reference.com/boxscores/201512270kan.htm
KAN,16,27,136,0,15,22,125,2,1,1,3,122,258,1,0,1,5,33,4,12,1,1,28:56:00,10,7,0,0,null,http://www.pro-football-reference.com/boxscores/201512270kan.htm
CLE,15,28,104,0,18,32,231,1,1,3,14,217,321,4,4,5,12,109,8,16,1,2,31:40:00,0,10,0,0,null,http://www.pro-football-reference.com/boxscores/201509130nyj.htm
NYJ,18,36,154,2,15,24,179,2,1,0,0,179,333,1,0,1,4,30,7,13,0,1,28:20:00,0,14,10,7,null,http://www.pro-football-reference.com/boxscores/201509130nyj.htm
CLE,20,14,15,0,33,45,372,1,1,6,45,327,342,2,2,3,12,188,5,13,1,3,32:43:00,3,0,0,6,null,http://www.pro-football-reference.com/boxscores/201511150pit.htm
PIT,22,21,60,0,25,37,402,3,1,1,3,399,459,3,1,2,5,50,3,10,0,1,27:17:00,6,15,3,6,null,http://www.pro-football-reference.com/boxscores/201511150pit.htm
CLE,20,21,100,0,32,41,356,2,0,4,24,332,432,1,1,1,12,91,4,13,0,0,34:19:00,3,10,3,11,null,http://www.pro-football-reference.com/boxscores/201510040sdg.htm
SDG,23,21,91,0,23,38,358,3,0,2,11,347,438,0,0,0,6,31,3,11,0,0,25:41:00,7,6,7,10,null,http://www.pro-football-reference.com/boxscores/201510040sdg.htm
CLE,15,17,94,0,19,32,161,1,1,3,25,136,230,2,0,1,4,40,6,12,0,0,25:27:00,7,3,0,3,null,http://www.pro-football-reference.com/boxscores/201512200sea.htm
SEA,28,36,182,0,21,30,249,3,0,2,8,241,423,0,0,0,5,30,9,12,0,0,34:33:00,7,13,0,10,null,http://www.pro-football-reference.com/boxscores/201512200sea.htm
CLE,19,24,82,0,30,37,297,0,0,4,15,282,364,4,4,4,11,98,3,12,0,1,35:33:00,0,3,3,0,null,http://www.pro-football-reference.com/boxscores/201510250ram.htm
STL,16,26,158,2,15,23,163,0,0,2,13,150,308,1,1,1,9,75,1,9,0,0,24:27:00,10,0,7,7,null,http://www.pro-football-reference.com/boxscores/201510250ram.htm
DAL,14,25,121,0,13,31,186,0,1,0,0,186,307,1,1,2,8,65,7,14,0,0,28:30:00,3,3,0,0,null,http://www.pro-football-reference.com/boxscores/201512270buf.htm
BUF,19,40,236,2,13,18,179,0,1,3,7,172,408,1,1,2,7,62,6,14,0,1,31:30:00,6,0,3,7,null,http://www.pro-football-reference.com/boxscores/201512270buf.htm
DAL,11,20,171,1,13,29,114,0,1,2,15,99,270,0,0,1,6,30,1,11,0,2,22:12,0,0,7,0,null,http://www.pro-football-reference.com/boxscores/201512130gnb.htm
GNB,29,44,230,2,22,35,218,2,0,2,13,205,435,1,0,0,8,69,7,14,0,1,37:48:00,0,14,0,14,null,http://www.pro-football-reference.com/boxscores/201512130gnb.htm
DAL,22,38,166,0,18,28,227,2,2,2,7,220,386,0,0,2,10,79,7,14,1,2,38:50:00,0,14,0,10,null,http://www.pro-football-reference.com/boxscores/201511220mia.htm
MIA,9,14,70,0,13,24,188,2,1,3,48,140,210,1,0,1,9,74,1,10,0,1,21:10,0,7,7,0,null,http://www.pro-football-reference.com/boxscores/201511220mia.htm
DAL,21,28,115,1,16,26,246,1,0,3,26,220,335,0,0,0,6,30,3,12,1,1,29:20:00,3,7,3,7,0,http://www.pro-football-reference.com/boxscores/201510040nor.htm
NOR,27,25,103,1,33,41,359,2,0,3,24,335,438,0,0,0,8,64,6,13,1,1,30:53:00,7,0,6,7,6,http://www.pro-football-reference.com/boxscores/201510040nor.htm
DAL,27,41,233,1,17,27,227,1,3,1,0,227,460,1,1,4,7,46,6,11,0,1,38:04:00,3,10,0,7,null,http://www.pro-football-reference.com/boxscores/201510250nyg.htm
NYG,13,25,132,1,13,24,170,0,0,2,13,157,289,0,0,0,3,13,3,11,0,0,21:56,0,10,10,7,null,http://www.pro-football-reference.com/boxscores/201510250nyg.htm
DAL,21,33,109,0,25,34,268,1,0,3,18,250,359,2,2,2,18,142,4,12,0,0,40:30:00,3,3,7,7,null,http://www.pro-football-reference.com/boxscores/201509200phi.htm
PHI,17,17,7,0,23,37,224,1,2,1,5,219,226,1,1,3,8,60,2,11,1,1,19:30,0,0,0,10,null,http://www.pro-football-reference.com/boxscores/201509200phi.htm
DAL,12,21,42,0,19,30,186,0,1,3,12,174,216,1,0,1,6,68,4,13,0,0,30:04:00,3,3,0,0,null,http://www.pro-football-reference.com/boxscores/201511150tam.htm
TAM,23,25,81,1,22,39,264,0,2,2,18,246,327,1,0,2,7,62,4,11,0,0,29:56:00,0,3,0,7,null,http://www.pro-football-reference.com/boxscores/201511150tam.htm
DAL,16,24,97,1,16,29,223,0,0,1,2,221,318,4,3,3,8,70,1,9,0,0,27:13:00,0,3,3,13,null,http://www.pro-football-reference.com/boxscores/201512070was.htm
WAS,15,26,73,0,22,31,219,1,0,3,26,193,266,2,1,1,9,73,6,16,0,0,32:47:00,0,3,3,10,null,http://www.pro-football-reference.com/boxscores/201512070was.htm
DEN,21,36,170,0,20,27,250,2,0,5,31,219,389,0,0,0,8,118,6,14,0,1,33:13:00,7,3,0,7,null,http://www.pro-football-reference.com/boxscores/201511220chi.htm
CHI,19,25,86,1,18,32,265,0,1,2,4,261,347,1,1,2,0,0,4,12,0,1,26:47:00,0,6,3,6,null,http://www.pro-football-reference.com/boxscores/201511220chi.htm
DEN,21,33,152,0,26,48,290,1,3,0,0,290,442,1,0,3,8,81,4,18,1,1,36:44:00,3,7,3,10,3,http://www.pro-football-reference.com/boxscores/201510180cle.htm
CLE,20,33,109,0,20,39,213,2,2,4,24,189,298,1,1,3,6,30,6,15,0,1,33:20:00,0,0,7,16,0,http://www.pro-football-reference.com/boxscores/201510180cle.htm
DEN,19,19,41,1,31,42,324,2,1,1,11,313,354,1,1,2,9,94,4,12,1,1,28:52:00,0,14,0,10,null,http://www.pro-football-reference.com/boxscores/201509270det.htm
DET,22,19,28,1,31,45,282,1,2,4,20,262,290,1,1,3,9,75,4,12,0,1,31:08:00,0,6,6,0,null,http://www.pro-football-reference.com/boxscores/201509270det.htm
DEN,16,14,35,0,21,36,281,2,2,1,7,274,309,0,0,2,8,56,6,12,0,0,21:21,0,7,10,7,null,http://www.pro-football-reference.com/boxscores/201511080clt.htm
IND,27,40,120,1,21,36,252,2,0,1,7,245,365,0,0,0,4,30,12,20,0,0,38:39:00,7,10,0,10,null,http://www.pro-football-reference.com/boxscores/201511080clt.htm
DEN,21,22,61,0,26,45,256,3,1,3,18,238,299,0,0,1,8,85,6,16,0,1,31:01:00,0,14,3,14,null,http://www.pro-football-reference.com/boxscores/201509170kan.htm
KAN,20,28,147,2,16,25,191,0,2,5,24,167,314,3,3,5,9,60,0,7,0,0,28:59:00,0,14,3,7,null,http://www.pro-football-reference.com/boxscores/201509170kan.htm
DEN,15,18,43,0,22,35,266,0,2,2,12,254,297,0,0,2,6,103,2,13,0,0,25:51:00,0,3,6,7,null,http://www.pro-football-reference.com/boxscores/201510110rai.htm
OAK,20,25,65,0,26,39,249,1,1,4,26,223,288,3,2,3,6,41,7,16,1,2,34:09:00,0,7,0,3,null,http://www.pro-football-reference.com/boxscores/201510110rai.htm
DEN,20,25,104,1,21,44,296,3,1,2,15,281,385,3,1,2,12,127,9,17,0,2,28:44:00,14,13,0,0,null,http://www.pro-football-reference.com/boxscores/201512200pit.htm
PIT,28,17,23,1,40,55,380,3,2,3,26,354,377,0,0,2,9,63,7,15,0,0,31:16:00,7,6,7,14,null,http://www.pro-football-reference.com/boxscores/201512200pit.htm
DEN,19,39,134,0,16,26,166,1,1,1,7,159,293,0,0,1,3,18,6,13,0,0,32:57:00,14,3,0,0,null,http://www.pro-football-reference.com/boxscores/201512060sdg.htm
SDG,15,23,93,0,18,35,202,0,1,4,23,179,272,4,2,3,8,72,5,14,0,2,27:03:00,0,3,0,0,null,http://www.pro-football-reference.com/boxscores/201512060sdg.htm
DET,22,21,67,0,28,39,298,3,0,4,16,282,349,0,0,0,4,21,4,10,0,1,32:30:00,7,3,7,7,null,http://www.pro-football-reference.com/boxscores/201601030chi.htm
CHI,16,24,111,0,17,23,245,2,3,4,11,234,345,0,0,3,1,15,7,12,0,0,27:30:00,0,0,10,10,null,http://www.pro-football-reference.com/boxscores/201601030chi.htm
DET,16,26,45,0,24,38,242,2,1,0,0,242,287,1,0,1,3,35,5,16,1,1,30:40:00,0,3,6,9,null,http://www.pro-football-reference.com/boxscores/201511150gnb.htm
GNB,22,18,47,0,35,61,333,2,0,3,8,325,372,1,0,0,5,55,9,19,0,0,29:20:00,3,0,0,13,null,http://www.pro-football-reference.com/boxscores/201511150gnb.htm
DET,16,14,81,0,23,38,227,1,2,6,32,195,276,0,0,2,8,81,2,12,1,2,25:46:00,3,0,0,7,null,http://www.pro-football-reference.com/boxscores/201511010kan.htm
KAN,24,32,206,4,20,28,149,2,0,3,15,134,340,0,0,0,3,20,8,13,0,0,34:14:00,7,17,7,14,null,http://www.pro-football-reference.com/boxscores/201511010kan.htm
DET,25,16,38,0,32,53,286,2,1,1,1,285,323,2,2,3,6,39,6,13,2,2,28:54:00,0,10,0,6,null,http://www.pro-football-reference.com/boxscores/201509200min.htm
MIN,20,42,199,2,14,18,153,1,0,1,2,151,350,2,1,1,10,97,7,14,1,1,31:06:00,7,10,6,3,null,http://www.pro-football-reference.com/boxscores/201509200min.htm
DET,24,23,150,2,22,25,254,3,0,3,8,246,396,2,1,1,10,92,4,8,0,0,29:36:00,7,14,7,7,null,http://www.pro-football-reference.com/boxscores/201512210nor.htm
NOR,27,18,69,0,34,52,341,3,0,1,11,330,399,1,0,0,6,28,5,14,2,2,30:24:00,3,0,7,17,null,http://www.pro-football-reference.com/boxscores/201512210nor.htm
DET,16,16,69,1,19,30,246,2,2,1,13,233,302,1,0,2,4,29,3,10,0,0,21:48,7,14,0,7,null,http://www.pro-football-reference.com/boxscores/201509130sdg.htm
SDG,28,31,96,2,34,41,403,2,2,2,16,387,483,2,1,3,5,40,6,11,0,0,38:12:00,3,7,10,13,null,http://www.pro-football-reference.com/boxscores/201509130sdg.htm
DET,12,18,53,0,24,35,203,0,0,0,0,203,256,2,1,1,4,37,3,13,0,0,27:56:00,0,3,0,7,null,http://www.pro-football-reference.com/boxscores/201510050sea.htm
SEA,18,31,110,0,20,26,287,1,0,6,52,235,345,5,3,3,5,30,6,13,0,0,32:04:00,0,10,3,0,null,http://www.pro-football-reference.com/boxscores/201510050sea.htm
DET,22,20,111,0,30,46,245,2,1,4,25,220,331,1,0,1,5,45,5,13,0,1,33:50:00,0,0,7,7,null,http://www.pro-football-reference.com/boxscores/201512130ram.htm
STL,15,29,203,2,14,22,124,0,1,1,10,114,317,2,1,2,5,48,4,11,0,0,26:10:00,0,7,7,7,null,http://www.pro-football-reference.com/boxscores/201512130ram.htm
GNB,16,26,101,0,16,29,155,1,1,9,78,77,178,5,3,4,7,59,5,17,2,3,29:44:00,0,0,8,0,null,http://www.pro-football-reference.com/boxscores/201512270crd.htm
ARI,19,26,121,1,19,28,269,2,1,2,9,260,381,2,1,2,10,119,5,10,0,0,30:16:00,0,17,21,0,null,http://www.pro-football-reference.com/boxscores/201512270crd.htm
GNB,18,22,135,0,24,44,261,2,1,1,10,251,386,0,0,1,8,55,7,15,1,2,30:14:00,0,6,7,7,0,http://www.pro-football-reference.com/boxscores/201601160crd.htm
ARI,20,19,40,0,25,41,349,3,2,3,21,328,368,1,0,2,3,26,5,13,1,1,30:51:00,7,0,3,10,6,http://www.pro-football-reference.com/boxscores/201601160crd.htm
GNB,21,19,71,0,25,48,369,4,1,5,38,331,402,2,1,2,7,87,3,14,2,3,27:48:00,7,0,7,15,null,http://www.pro-football-reference.com/boxscores/201511080car.htm
CAR,20,36,130,1,15,30,297,3,1,0,0,297,427,0,0,1,6,45,5,15,0,0,32:12:00,3,24,3,7,null,http://www.pro-football-reference.com/boxscores/201511080car.htm
GNB,21,30,133,1,18,23,189,3,0,0,0,189,322,0,0,0,10,74,6,10,1,1,28:08:00,7,3,7,14,null,http://www.pro-football-reference.com/boxscores/201509130chi.htm
CHI,25,33,189,1,18,36,225,1,1,2,12,213,402,0,0,1,6,64,11,17,2,3,31:52:00,3,10,3,7,null,http://www.pro-football-reference.com/boxscores/201509130chi.htm
GNB,14,21,90,1,14,22,77,0,0,3,27,50,140,3,0,0,2,15,2,8,0,0,26:33:00,0,7,3,0,null,http://www.pro-football-reference.com/boxscores/201511010den.htm
DEN,24,34,160,3,21,29,340,0,1,0,0,340,500,0,0,1,11,93,6,12,0,0,33:27:00,7,10,7,5,null,http://www.pro-football-reference.com/boxscores/201511010den.htm
GNB,19,24,67,1,24,36,273,2,1,3,27,246,313,3,0,1,7,55,3,12,1,1,26:56:00,0,0,14,13,null,http://www.pro-football-reference.com/boxscores/201512030det.htm
DET,17,25,101,0,23,35,220,2,0,3,15,205,306,1,1,1,9,108,6,16,1,1,33:04:00,17,0,3,3,null,http://www.pro-football-reference.com/boxscores/201512030det.htm
GNB,19,34,124,0,16,34,212,2,0,2,16,196,320,0,0,0,4,19,6,16,0,0,30:22:00,6,10,3,11,null,http://www.pro-football-reference.com/boxscores/201511220min.htm
MIN,16,18,94,1,25,38,296,1,0,6,48,248,342,1,1,1,8,110,5,13,0,2,29:38:00,6,0,7,0,null,http://www.pro-football-reference.com/boxscores/201511220min.htm
GNB,18,28,103,1,22,39,204,1,1,2,14,190,293,1,1,2,6,75,4,13,0,0,29:29:00,14,0,10,6,null,http://www.pro-football-reference.com/boxscores/201512200rai.htm
OAK,20,25,120,0,23,47,276,2,2,3,24,252,372,0,0,2,10,95,5,17,1,4,30:31:00,0,13,7,0,null,http://www.pro-football-reference.com/boxscores/201512200rai.htm
GNB,18,33,162,1,22,32,224,1,0,3,24,200,362,0,0,0,8,65,5,15,2,2,36:34:00,7,0,10,0,null,http://www.pro-football-reference.com/boxscores/201510040sfo.htm
SFO,8,19,77,0,13,25,160,0,1,6,41,119,196,3,0,1,4,30,4,13,0,1,23:26,0,3,0,0,null,http://www.pro-football-reference.com/boxscores/201510040sfo.htm
GNB,24,32,141,2,21,36,210,2,0,1,5,205,346,1,1,1,3,23,3,11,1,1,29:33:00,0,17,7,11,null,http://www.pro-football-reference.com/boxscores/201601100was.htm
WAS,20,18,84,1,29,46,329,1,0,6,59,270,354,3,1,1,7,55,5,15,1,4,30:27:00,5,6,7,0,null,http://www.pro-football-reference.com/boxscores/201601100was.htm
HOU,24,17,54,1,29,57,382,2,1,1,8,374,428,3,3,4,5,35,7,15,0,2,24:08:00,0,0,0,21,null,http://www.pro-football-reference.com/boxscores/201510040atl.htm
ATL,22,35,135,4,19,27,256,1,0,2,13,243,378,0,0,0,10,80,9,16,1,1,35:52:00,7,21,14,6,null,http://www.pro-football-reference.com/boxscores/201510040atl.htm
HOU,21,26,126,0,26,43,293,3,1,2,18,275,401,0,0,1,10,89,7,15,0,1,31:53:00,6,7,0,8,null,http://www.pro-football-reference.com/boxscores/201512060buf.htm
BUF,15,36,187,1,11,21,211,3,0,1,8,203,390,0,0,0,5,42,8,16,0,0,28:07:00,7,14,0,9,null,http://www.pro-football-reference.com/boxscores/201512060buf.htm
HOU,21,23,61,1,27,58,244,1,1,1,5,239,300,1,0,1,10,70,5,19,2,4,27:31:00,3,0,7,7,null,http://www.pro-football-reference.com/boxscores/201509200car.htm
CAR,25,33,172,1,18,37,195,2,1,2,17,178,350,0,0,1,10,92,4,13,0,0,32:29:00,0,10,7,7,null,http://www.pro-football-reference.com/boxscores/201509200car.htm
HOU,16,25,82,0,17,33,192,1,1,3,18,174,256,0,0,1,5,54,5,15,0,1,28:34:00,0,3,0,7,null,http://www.pro-football-reference.com/boxscores/201511160cin.htm
CIN,16,20,74,0,22,38,197,0,1,4,15,182,256,2,1,2,9,70,4,14,0,1,31:26:00,3,3,0,0,null,http://www.pro-football-reference.com/boxscores/201511160cin.htm
HOU,20,37,155,0,17,28,173,1,1,3,23,150,305,2,1,2,6,48,5,15,2,2,33:56:00,0,3,3,10,null,http://www.pro-football-reference.com/boxscores/201512200clt.htm
IND,14,19,50,0,18,32,160,1,1,3,20,140,190,1,1,2,8,94,4,13,0,0,26:04:00,0,10,0,0,null,http://www.pro-football-reference.com/boxscores/201512200clt.htm
HOU,24,31,95,0,24,36,293,3,0,1,6,287,382,1,0,0,10,69,7,14,1,2,30:02:00,7,3,0,21,null,http://www.pro-football-reference.com/boxscores/201510180jax.htm
JAX,26,21,83,0,30,53,331,3,3,3,20,311,394,1,0,3,7,64,5,15,2,2,29:58:00,0,7,7,6,null,http://www.pro-football-reference.com/boxscores/201510180jax.htm
HOU,24,25,71,1,23,49,273,3,1,4,22,251,322,3,0,1,3,25,6,15,0,1,27:55:00,0,0,13,13,null,http://www.pro-football-reference.com/boxscores/201510250mia.htm
MIA,21,35,248,1,19,20,296,4,0,4,41,255,503,1,1,1,8,52,1,9,0,0,32:05:00,21,20,0,3,null,http://www.pro-football-reference.com/boxscores/201510250mia.htm
HOU,19,42,128,1,16,26,207,2,0,1,5,202,330,1,1,1,4,28,7,16,0,0,36:13:00,10,7,17,0,null,http://www.pro-football-reference.com/boxscores/201512270oti.htm
TEN,13,11,30,0,27,51,234,1,1,1,7,227,257,3,3,4,4,43,4,16,1,1,23:47,0,0,0,6,null,http://www.pro-football-reference.com/boxscores/201512270oti.htm
IND,17,27,74,0,23,32,213,2,2,2,11,202,276,1,1,3,7,42,7,14,0,0,32:39:00,0,7,7,10,null,http://www.pro-football-reference.com/boxscores/201511220atl.htm
ATL,21,24,100,0,25,46,280,3,3,1,5,275,375,1,1,4,6,69,8,16,0,1,27:21:00,7,7,7,0,null,http://www.pro-football-reference.com/boxscores/201511220atl.htm
IND,23,17,64,0,26,49,243,2,2,2,3,240,304,2,1,3,5,49,8,15,1,2,29:04:00,0,0,8,6,null,http://www.pro-football-reference.com/boxscores/201509130buf.htm
BUF,15,36,147,2,14,19,195,1,0,0,0,195,342,2,0,0,11,113,5,13,0,0,30:56:00,7,10,7,3,null,http://www.pro-football-reference.com/boxscores/201509130buf.htm
IND,19,35,136,0,23,47,231,2,3,2,8,223,359,3,1,4,2,15,6,18,1,1,35:58:00,0,6,0,17,3,http://www.pro-football-reference.com/boxscores/201511020car.htm
CAR,17,36,140,1,16,35,248,2,1,2,9,239,379,2,2,3,6,55,4,16,2,2,33:40:00,10,0,7,6,6,http://www.pro-football-reference.com/boxscores/201511020car.htm
IND,22,30,110,1,18,29,213,2,0,0,0,213,323,0,0,0,7,65,3,11,1,1,27:33:00,10,3,7,7,null,http://www.pro-football-reference.com/boxscores/201510080htx.htm
HOU,24,28,82,0,31,41,362,2,2,1,0,362,444,0,0,2,13,125,8,16,1,1,32:27:00,0,10,7,3,null,http://www.pro-football-reference.com/boxscores/201510080htx.htm
IND,17,23,95,0,20,43,260,0,1,3,33,227,322,1,1,2,8,85,4,16,1,2,30:48:00,3,10,3,0,null,http://www.pro-football-reference.com/boxscores/201512130jax.htm
JAX,24,29,154,2,16,30,250,3,0,3,24,226,380,3,2,2,5,40,2,9,1,1,29:12:00,3,6,21,21,null,http://www.pro-football-reference.com/boxscores/201512130jax.htm
IND,20,23,100,2,17,29,177,0,0,2,9,168,268,0,0,0,6,60,6,12,0,0,27:11:00,8,7,0,3,null,http://www.pro-football-reference.com/boxscores/201512270mia.htm
MIA,22,25,82,1,26,38,329,0,1,6,50,279,361,0,0,1,9,50,6,15,0,1,32:49:00,0,6,3,3,null,http://www.pro-football-reference.com/boxscores/201512270mia.htm
IND,11,18,54,0,20,34,220,1,2,5,34,186,240,1,1,3,5,30,3,14,1,3,27:10:00,3,7,0,0,null,http://www.pro-football-reference.com/boxscores/201512060pit.htm
PIT,24,32,158,0,24,39,364,4,0,0,0,364,522,4,2,2,4,48,8,13,0,0,32:50:00,6,15,7,17,null,http://www.pro-football-reference.com/boxscores/201512060pit.htm
IND,20,23,133,2,18,30,260,2,2,3,15,245,378,1,0,2,11,71,4,11,1,1,25:01:00,7,7,0,21,null,http://www.pro-football-reference.com/boxscores/201509270oti.htm
TEN,28,27,88,2,27,44,367,2,2,3,22,345,433,0,0,2,6,55,4,13,1,1,34:59:00,0,10,17,6,null,http://www.pro-football-reference.com/boxscores/201509270oti.htm
JAX,22,22,90,0,22,45,188,2,1,3,20,168,258,0,0,1,4,30,4,16,0,0,30:32:00,7,3,3,9,null,http://www.pro-football-reference.com/boxscores/201511150rav.htm
BAL,22,21,89,0,34,45,316,3,2,1,8,308,397,2,2,4,9,121,8,14,0,1,29:28:00,0,14,0,6,null,http://www.pro-football-reference.com/boxscores/201511150rav.htm
JAX,11,14,32,0,17,32,239,0,2,8,56,183,215,3,2,4,7,53,1,12,1,2,24:23:00,0,3,3,0,null,http://www.pro-football-reference.com/boxscores/201601030htx.htm
HOU,25,31,160,1,25,41,249,1,1,2,7,242,402,1,0,1,9,55,8,17,0,1,35:37:00,3,17,0,10,null,http://www.pro-football-reference.com/boxscores/201601030htx.htm
JAX,21,28,142,0,28,50,298,1,0,1,9,289,431,3,0,0,13,92,7,18,0,0,36:10:00,3,10,0,0,0,http://www.pro-football-reference.com/boxscores/201510040clt.htm
IND,22,24,60,0,30,47,282,1,0,3,16,266,326,3,2,2,4,45,7,15,0,0,34:14:00,3,7,0,3,3,http://www.pro-football-reference.com/boxscores/201510040clt.htm
JAX,21,15,65,0,27,35,368,4,2,2,21,347,412,3,0,2,8,55,6,9,0,0,22:07,0,6,13,8,null,http://www.pro-football-reference.com/boxscores/201512270nor.htm
NOR,29,35,135,2,25,36,412,3,0,1,10,402,537,0,0,0,5,40,8,13,1,1,37:53:00,14,10,7,7,null,http://www.pro-football-reference.com/boxscores/201512270nor.htm
JAX,15,20,57,0,17,33,242,2,1,2,6,236,293,1,0,1,7,114,6,12,0,1,25:20:00,0,3,7,7,null,http://www.pro-football-reference.com/boxscores/201509270nwe.htm
NWE,35,32,125,4,33,42,358,2,0,2,12,346,471,0,0,0,4,30,11,14,0,0,34:40:00,10,10,17,14,null,http://www.pro-football-reference.com/boxscores/201509270nwe.htm
JAX,19,19,98,0,24,40,381,2,2,6,43,338,436,3,2,4,4,30,7,16,0,0,29:16:00,3,7,3,10,null,http://www.pro-football-reference.com/boxscores/201511080nyj.htm
NYJ,14,28,29,2,21,34,272,2,0,2,11,261,290,1,0,0,6,41,5,15,1,1,30:44:00,14,0,7,7,null,http://www.pro-football-reference.com/boxscores/201511080nyj.htm
JAX,21,17,55,0,23,33,303,4,1,6,33,270,325,1,1,2,3,12,2,8,1,1,25:19:00,0,14,10,7,null,http://www.pro-football-reference.com/boxscores/201510110tam.htm
TAM,20,40,183,2,13,19,209,1,0,2,23,186,369,0,0,0,10,72,5,11,0,0,34:41:00,3,17,11,7,null,http://www.pro-football-reference.com/boxscores/201510110tam.htm
JAX,20,21,81,1,24,36,322,5,0,2,20,302,383,1,1,1,6,21,10,14,0,1,26:26:00,0,12,7,20,null,http://www.pro-football-reference.com/boxscores/201512060oti.htm
TEN,26,35,210,2,20,29,268,3,1,4,11,257,467,1,1,2,4,38,8,13,0,0,33:34:00,7,14,0,21,null,http://www.pro-football-reference.com/boxscores/201512060oti.htm
KAN,15,28,113,1,21,25,171,1,0,3,7,164,277,1,0,0,6,55,5,13,0,0,32:19:00,14,10,0,10,null,http://www.pro-football-reference.com/boxscores/201512200rav.htm
BAL,19,20,93,0,26,45,281,2,2,2,8,273,366,1,1,3,7,63,4,13,1,3,27:41:00,7,7,0,0,null,http://www.pro-football-reference.com/boxscores/201512200rav.htm
KAN,24,23,113,0,31,45,386,0,0,5,38,348,461,1,1,1,7,46,7,16,0,0,36:53:00,3,9,3,6,null,http://www.pro-football-reference.com/boxscores/201510040cin.htm
CIN,18,26,124,4,17,24,321,1,0,0,0,321,445,1,0,0,11,84,6,10,0,0,23:07,14,0,15,7,null,http://www.pro-football-reference.com/boxscores/201510040cin.htm
KAN,13,32,106,1,17,31,204,1,0,2,7,197,303,0,0,0,11,102,4,16,1,1,33:27:00,10,9,3,7,null,http://www.pro-football-reference.com/boxscores/201511150den.htm
DEN,18,16,69,1,19,44,181,1,5,5,29,152,221,1,0,5,5,55,3,14,2,3,26:33:00,0,0,0,13,null,http://www.pro-football-reference.com/boxscores/201511150den.htm
KAN,23,18,75,3,24,40,290,1,1,7,39,251,326,2,0,1,7,38,2,10,2,2,26:30:00,0,7,7,14,null,http://www.pro-football-reference.com/boxscores/201509280gnb.htm
GNB,26,32,123,0,24,35,333,5,0,1,8,325,448,0,0,0,12,89,4,11,0,1,33:30:00,14,10,7,7,null,http://www.pro-football-reference.com/boxscores/201509280gnb.htm
KAN,19,32,97,0,22,33,243,3,0,2,10,233,330,1,0,0,2,25,3,13,0,0,35:19:00,14,13,0,0,null,http://www.pro-football-reference.com/boxscores/201509130htx.htm
HOU,24,21,98,0,26,47,334,2,1,5,36,298,396,2,1,2,6,39,3,14,0,1,24:41:00,6,3,0,11,null,http://www.pro-football-reference.com/boxscores/201509130htx.htm
KAN,18,37,141,1,17,22,190,1,1,3,17,173,314,0,0,1,5,52,4,11,0,0,34:25:00,7,6,7,10,null,http://www.pro-football-reference.com/boxscores/201601090htx.htm
HOU,14,25,114,0,15,34,136,0,4,3,24,112,226,2,1,5,4,29,6,14,0,1,25:35:00,0,0,0,0,null,http://www.pro-football-reference.com/boxscores/201601090htx.htm
KAN,16,18,57,0,22,37,282,1,0,2,11,271,328,1,1,1,8,95,3,12,0,2,26:53:00,0,0,0,10,null,http://www.pro-football-reference.com/boxscores/201510180min.htm
MIN,16,35,84,0,17,31,249,1,2,2,12,237,321,1,0,2,5,50,6,17,1,1,33:07:00,3,7,3,3,null,http://www.pro-football-reference.com/boxscores/201510180min.htm
KAN,27,32,135,1,29,50,246,1,0,1,3,243,378,1,1,1,5,40,12,20,1,2,37:51:00,3,3,7,7,null,http://www.pro-football-reference.com/boxscores/201601160nwe.htm
NWE,21,14,38,1,28,42,302,2,0,0,0,302,340,0,0,0,6,24,6,12,0,0,22:09,7,7,7,6,null,http://www.pro-football-reference.com/boxscores/201601160nwe.htm
KAN,15,22,89,2,16,22,162,2,0,4,19,143,232,3,2,2,11,88,3,8,0,0,25:32:00,7,0,7,20,null,http://www.pro-football-reference.com/boxscores/201512060rai.htm
OAK,27,24,99,1,31,48,283,2,3,4,21,262,361,3,0,3,4,21,6,14,0,2,34:28:00,7,7,6,0,null,http://www.pro-football-reference.com/boxscores/201512060rai.htm
KAN,22,31,153,3,20,25,253,0,0,3,21,232,385,0,0,0,5,35,5,12,1,1,33:28:00,6,6,7,14,null,http://www.pro-football-reference.com/boxscores/201511220sdg.htm
SDG,14,25,52,0,19,30,178,0,1,3,29,149,201,1,1,2,6,39,4,13,0,1,26:32:00,0,3,0,0,null,http://www.pro-football-reference.com/boxscores/201511220sdg.htm
MIA,29,24,108,2,27,36,316,0,0,2,27,289,397,3,1,1,8,62,4,9,0,0,28:47:00,0,7,7,3,null,http://www.pro-football-reference.com/boxscores/201511080buf.htm
BUF,18,36,266,3,11,12,181,1,0,3,27,154,420,0,0,0,13,94,8,13,0,0,31:13:00,9,10,7,7,null,http://www.pro-football-reference.com/boxscores/201511080buf.htm
MIA,17,16,42,0,30,44,359,2,0,2,15,344,386,1,0,0,13,112,5,15,0,1,29:52:00,3,10,7,0,null,http://www.pro-football-reference.com/boxscores/201509200jax.htm
JAX,19,33,123,0,18,33,273,2,0,0,0,273,396,0,0,0,9,93,5,14,0,0,30:08:00,10,10,0,3,null,http://www.pro-football-reference.com/boxscores/201509200jax.htm
MIA,18,13,15,1,28,44,300,0,2,5,45,255,270,2,0,2,7,40,2,11,1,2,27:23:00,0,0,7,0,null,http://www.pro-football-reference.com/boxscores/201510290nwe.htm
NWE,24,26,95,0,26,38,356,4,0,2,14,342,437,0,0,0,8,69,3,12,1,1,32:37:00,7,12,3,14,null,http://www.pro-football-reference.com/boxscores/201510290nwe.htm
MIA,20,9,12,0,33,58,351,3,1,3,30,321,333,4,1,2,6,45,4,15,2,2,28:44:00,0,0,7,13,null,http://www.pro-football-reference.com/boxscores/201511290nyj.htm
NYJ,24,34,137,1,22,37,277,4,0,1,3,274,411,1,0,0,6,40,10,17,0,1,31:16:00,7,7,7,17,null,http://www.pro-football-reference.com/boxscores/201511290nyj.htm
MIA,15,26,99,0,21,36,217,2,0,4,27,190,289,1,0,0,8,84,5,15,0,0,28:53:00,3,10,0,7,null,http://www.pro-football-reference.com/boxscores/201511150phi.htm
PHI,29,36,83,1,33,48,392,1,1,4,39,353,436,3,0,1,7,54,7,18,1,2,31:07:00,16,0,0,3,null,http://www.pro-football-reference.com/boxscores/201511150phi.htm
MIA,13,19,44,2,20,34,216,0,0,3,29,187,231,2,1,1,9,72,2,14,3,3,21:07,0,0,7,7,null,http://www.pro-football-reference.com/boxscores/201512200sdg.htm
SDG,26,36,140,1,26,36,311,3,2,1,9,302,442,0,0,2,7,48,9,14,0,0,38:53:00,6,17,0,7,null,http://www.pro-football-reference.com/boxscores/201512200sdg.htm
MIA,26,32,180,2,22,29,266,2,2,2,12,254,434,0,0,2,9,97,5,9,0,0,31:53:00,10,7,7,14,null,http://www.pro-football-reference.com/boxscores/201510180oti.htm
TEN,22,18,63,0,26,41,282,1,2,6,46,236,299,2,2,4,7,50,2,10,1,2,28:07:00,3,0,7,0,null,http://www.pro-football-reference.com/boxscores/201510180oti.htm
MIA,19,18,74,0,22,34,226,1,0,3,44,182,256,2,1,1,6,39,5,12,0,1,22:06,0,7,0,10,null,http://www.pro-football-reference.com/boxscores/201509130was.htm
WAS,20,37,161,0,21,31,196,1,2,1,8,188,349,1,0,2,11,88,6,14,0,1,37:54:00,3,7,0,0,null,http://www.pro-football-reference.com/boxscores/201509130was.htm
MIN,23,24,72,1,25,36,335,1,0,3,18,317,389,3,3,3,3,25,6,11,0,0,28:01:00,7,3,0,10,null,http://www.pro-football-reference.com/boxscores/201512100crd.htm
ARI,22,29,97,0,25,35,310,2,0,2,14,296,393,0,0,0,4,30,6,13,1,1,31:59:00,10,0,7,6,null,http://www.pro-football-reference.com/boxscores/201512100crd.htm
MIN,24,39,191,2,20,28,174,0,1,0,0,174,365,0,0,1,9,53,7,12,0,0,33:28:00,7,0,3,10,null,http://www.pro-football-reference.com/boxscores/201511290atl.htm
ATL,22,24,116,0,22,31,230,1,2,2,17,213,329,2,1,3,6,78,5,11,0,1,26:32:00,0,3,0,7,null,http://www.pro-football-reference.com/boxscores/201511290atl.htm
MIN,17,25,147,0,17,30,187,1,1,1,7,180,327,1,0,1,4,35,5,12,0,0,27:18:00,7,3,0,13,null,http://www.pro-football-reference.com/boxscores/201511010chi.htm
CHI,18,25,97,1,22,33,211,1,0,1,3,208,305,2,0,0,4,38,3,12,1,1,32:42:00,3,7,3,7,null,http://www.pro-football-reference.com/boxscores/201511010chi.htm
MIN,19,21,113,1,27,41,269,1,0,7,57,212,325,3,1,1,9,63,6,16,2,2,33:54:00,0,10,0,10,null,http://www.pro-football-reference.com/boxscores/201510040den.htm
DEN,18,24,144,1,17,27,213,1,2,2,13,200,344,0,0,2,8,40,2,9,1,1,26:06:00,3,10,7,3,null,http://www.pro-football-reference.com/boxscores/201510040den.htm
MIN,25,35,140,0,25,35,316,2,0,4,31,285,425,2,1,1,3,31,5,13,0,1,36:27:00,3,12,10,3,null,http://www.pro-football-reference.com/boxscores/201510250det.htm
DET,14,17,77,0,18,26,256,2,0,7,59,197,274,0,0,0,5,30,1,10,0,2,23:33,14,3,0,2,null,http://www.pro-football-reference.com/boxscores/201510250det.htm
MIN,14,27,151,1,10,19,99,0,1,3,8,91,242,3,1,2,5,37,2,11,1,1,24:18:00,3,3,14,0,null,http://www.pro-football-reference.com/boxscores/201601030gnb.htm
GNB,19,26,76,0,28,44,291,1,1,5,17,274,350,1,1,2,7,54,2,15,3,6,35:42:00,3,0,0,10,null,http://www.pro-football-reference.com/boxscores/201601030gnb.htm
MIN,21,33,263,1,14,22,140,1,0,4,18,122,385,1,0,0,3,15,4,11,0,0,33:01:00,10,10,0,10,null,http://www.pro-football-reference.com/boxscores/201511150rai.htm
OAK,20,19,84,0,29,43,302,2,2,2,15,287,371,1,0,2,8,82,7,14,0,0,26:59:00,0,14,0,0,null,http://www.pro-football-reference.com/boxscores/201511150rai.htm
MIN,17,17,71,0,23,32,231,0,1,5,54,177,248,0,0,1,5,25,1,9,0,2,26:58:00,0,0,0,3,null,http://www.pro-football-reference.com/boxscores/201509140sfo.htm
SFO,25,39,230,2,17,26,165,0,0,1,0,165,395,1,1,1,8,57,5,12,0,0,33:02:00,0,7,3,10,null,http://www.pro-football-reference.com/boxscores/201509140sfo.htm
NOR,18,20,54,0,30,48,355,1,1,2,1,354,408,0,0,1,7,73,7,18,0,1,33:24:00,3,7,3,6,null,http://www.pro-football-reference.com/boxscores/201509130crd.htm
ARI,25,25,120,1,19,32,307,3,0,0,0,307,427,1,1,1,5,30,5,10,0,0,26:36:00,7,7,3,14,null,http://www.pro-football-reference.com/boxscores/201509130crd.htm
NOR,24,22,67,1,32,43,323,1,0,0,0,323,390,1,1,1,4,45,6,10,0,1,29:34:00,7,7,3,3,null,http://www.pro-football-reference.com/boxscores/201601030atl.htm
ATL,25,27,87,0,24,36,334,2,1,1,7,327,414,2,1,2,4,32,8,12,0,0,30:26:00,3,14,0,0,null,http://www.pro-football-reference.com/boxscores/201601030atl.htm
NOR,27,24,70,2,31,38,310,0,1,1,0,310,380,1,1,2,8,55,7,12,1,1,32:44:00,3,7,6,6,null,http://www.pro-football-reference.com/boxscores/201509270car.htm
CAR,24,30,119,1,20,31,315,2,0,1,3,312,431,0,0,0,10,88,5,11,1,1,27:16:00,0,10,10,7,null,http://www.pro-football-reference.com/boxscores/201509270car.htm
NOR,14,10,50,0,25,44,228,0,1,2,10,218,268,1,0,1,10,82,3,12,0,1,23:37,0,6,0,0,null,http://www.pro-football-reference.com/boxscores/201511290htx.htm
HOU,23,38,167,1,21,27,205,2,1,1,10,195,362,2,0,1,6,40,6,13,0,0,36:23:00,14,0,10,0,null,http://www.pro-football-reference.com/boxscores/201511290htx.htm
NOR,22,36,183,3,29,45,280,1,1,2,14,266,449,1,0,1,12,100,7,20,1,1,38:23:00,7,13,7,0,null,http://www.pro-football-reference.com/boxscores/201510250clt.htm
IND,15,13,75,0,23,44,333,3,2,4,32,301,376,3,1,3,7,42,3,13,0,0,21:37,0,0,14,7,null,http://www.pro-football-reference.com/boxscores/201510250clt.htm
NOR,19,21,96,0,26,43,335,2,1,5,43,292,388,3,3,4,7,78,8,16,1,1,25:58:00,7,0,3,7,null,http://www.pro-football-reference.com/boxscores/201510110phi.htm
PHI,34,34,186,2,32,45,333,2,2,0,0,333,519,0,0,2,4,35,4,11,0,2,34:02:00,0,10,16,13,null,http://www.pro-football-reference.com/boxscores/201510110phi.htm
NOR,26,35,87,1,31,41,312,2,0,2,11,301,388,0,0,0,12,95,12,17,0,0,37:14:00,7,10,7,0,null,http://www.pro-football-reference.com/boxscores/201512130tam.htm
TAM,18,19,115,1,18,32,182,1,0,1,6,176,291,0,0,0,8,80,4,11,1,1,22:46,0,10,0,7,null,http://www.pro-football-reference.com/boxscores/201512130tam.htm
NOR,16,25,158,0,19,28,209,2,2,2,17,192,350,1,0,2,7,50,4,11,0,2,26:26:00,7,7,0,0,null,http://www.pro-football-reference.com/boxscores/201511150was.htm
WAS,23,31,209,0,20,25,324,4,0,3,23,301,510,3,0,0,5,26,6,11,0,0,33:34:00,14,13,10,10,null,http://www.pro-football-reference.com/boxscores/201511150was.htm
NWE,28,15,56,1,38,59,466,3,0,2,15,451,507,2,2,2,11,119,3,10,0,2,29:57:00,14,10,13,3,null,http://www.pro-football-reference.com/boxscores/201509200buf.htm
BUF,23,27,160,2,23,30,242,3,3,8,53,189,349,3,0,3,14,140,4,13,1,1,30:03:00,7,6,0,19,null,http://www.pro-football-reference.com/boxscores/201509200buf.htm
NWE,20,23,109,1,20,27,275,2,0,5,28,247,356,1,0,0,9,65,3,10,0,1,26:48:00,3,10,7,10,null,http://www.pro-football-reference.com/boxscores/201510110dal.htm
DAL,18,24,100,0,26,39,188,0,1,3,24,164,264,1,1,2,7,50,4,14,1,2,33:12:00,3,0,3,0,null,http://www.pro-football-reference.com/boxscores/201510110dal.htm
NWE,16,16,39,0,23,42,280,3,0,3,18,262,301,1,1,1,5,47,2,13,0,1,25:57:00,7,7,0,10,0,http://www.pro-football-reference.com/boxscores/201511290den.htm
DEN,23,32,179,3,23,42,270,1,1,3,16,254,433,2,0,1,6,46,4,16,1,1,36:31:00,0,7,0,17,6,http://www.pro-football-reference.com/boxscores/201511290den.htm
NWE,20,17,44,1,27,56,310,1,2,4,18,292,336,1,0,2,7,53,2,15,2,4,30:12:00,6,3,3,6,null,http://www.pro-football-reference.com/boxscores/201601240den.htm
DEN,12,30,99,0,17,32,176,2,0,3,31,145,244,1,1,1,7,51,6,17,0,0,29:48:00,7,10,0,3,null,http://www.pro-football-reference.com/boxscores/201601240den.htm
NWE,18,31,116,1,22,30,226,2,0,3,29,197,313,1,1,1,6,46,7,16,0,0,35:14:00,7,10,3,7,null,http://www.pro-football-reference.com/boxscores/201512130htx.htm
HOU,7,22,87,0,12,24,159,0,0,6,57,102,189,2,1,1,4,36,3,14,0,2,24:46:00,3,3,0,0,null,http://www.pro-football-reference.com/boxscores/201512130htx.htm
NWE,22,25,116,1,23,37,312,3,1,2,11,301,417,0,0,1,8,72,5,12,1,1,27:28:00,7,13,7,7,null,http://www.pro-football-reference.com/boxscores/201510180clt.htm
IND,24,22,120,0,30,50,312,3,0,3,23,289,409,0,0,0,11,103,7,16,1,3,32:32:00,7,14,0,6,null,http://www.pro-football-reference.com/boxscores/201510180clt.htm
NWE,12,27,70,1,13,25,140,0,0,2,14,126,196,1,0,0,7,41,4,14,0,1,28:55:00,0,3,7,0,null,http://www.pro-football-reference.com/boxscores/201601030mia.htm
MIA,20,34,96,0,25,38,350,2,0,1,8,342,438,1,0,0,10,93,8,17,0,1,31:05:00,3,7,0,10,null,http://www.pro-football-reference.com/boxscores/201601030mia.htm
NWE,22,23,77,1,26,42,334,2,1,3,5,329,406,2,1,2,7,93,7,14,1,1,31:36:00,7,3,7,10,null,http://www.pro-football-reference.com/boxscores/201511150nyg.htm
NYG,21,23,80,0,24,44,361,2,0,3,19,342,422,3,1,1,8,49,7,15,0,0,28:24:00,7,10,6,3,null,http://www.pro-football-reference.com/boxscores/201511150nyg.htm
NWE,16,22,63,0,22,31,231,1,1,2,10,221,284,0,0,1,1,7,1,10,3,3,28:33:00,0,3,10,7,0,http://www.pro-football-reference.com/boxscores/201512270nyj.htm
NYJ,24,27,143,0,26,41,296,3,0,1,11,285,428,3,1,1,6,39,5,13,0,0,34:04:00,3,7,7,3,6,http://www.pro-football-reference.com/boxscores/201512270nyj.htm
NYG,19,28,92,0,20,35,212,3,1,1,1,211,303,1,0,1,11,85,3,15,0,0,30:33:00,9,7,0,8,null,http://www.pro-football-reference.com/boxscores/201510040buf.htm
BUF,14,24,55,0,28,42,274,1,1,2,16,258,313,2,1,2,17,135,3,16,1,3,29:27:00,3,0,0,7,null,http://www.pro-football-reference.com/boxscores/201510040buf.htm
NYG,18,24,99,1,20,36,193,0,0,1,3,190,289,0,0,0,5,44,6,14,0,0,22:50,3,10,3,10,null,http://www.pro-football-reference.com/boxscores/201509130dal.htm
DAL,27,23,80,0,36,45,356,3,2,0,0,356,436,3,1,3,3,35,6,11,0,0,37:10:00,3,3,7,14,null,http://www.pro-football-reference.com/boxscores/201509130dal.htm
NYG,25,31,92,0,27,31,337,4,0,0,0,337,429,1,1,1,3,25,5,11,0,0,30:31:00,3,14,7,7,null,http://www.pro-football-reference.com/boxscores/201512140mia.htm
MIA,16,22,128,2,25,41,236,1,0,1,1,235,363,2,1,1,12,123,7,16,1,2,29:29:00,7,10,7,0,null,http://www.pro-football-reference.com/boxscores/201512140mia.htm
NYG,15,20,91,0,20,34,302,2,3,4,30,272,363,3,0,3,7,48,1,11,0,2,25:03:00,0,3,7,7,null,http://www.pro-football-reference.com/boxscores/201512270min.htm
MIN,17,40,218,3,15,25,168,1,0,3,18,150,368,0,0,0,2,10,6,16,0,0,34:57:00,3,16,13,17,null,http://www.pro-football-reference.com/boxscores/201512270min.htm
NYG,28,21,87,0,30,41,350,6,0,3,21,329,416,2,1,1,6,53,1,8,2,2,25:01:00,7,14,7,21,null,http://www.pro-football-reference.com/boxscores/201511010nor.htm
NOR,35,26,103,0,39,50,505,7,2,0,0,505,608,1,0,2,12,93,7,11,1,1,34:59:00,14,14,14,10,null,http://www.pro-football-reference.com/boxscores/201511010nor.htm
NYG,18,23,81,0,24,38,189,1,2,3,23,166,247,2,1,3,12,92,4,13,0,1,29:30:00,7,0,0,0,null,http://www.pro-football-reference.com/boxscores/201510190phi.htm
PHI,24,37,158,1,24,38,280,1,3,1,10,270,428,3,1,4,9,72,6,16,0,0,30:30:00,7,10,7,3,null,http://www.pro-football-reference.com/boxscores/201510190phi.htm
NYG,24,33,114,0,26,40,213,2,2,0,0,213,327,1,0,2,6,49,9,16,0,1,34:55:00,10,7,3,12,null,http://www.pro-football-reference.com/boxscores/201511080tam.htm
TAM,19,23,136,1,19,36,247,0,0,0,0,247,383,4,3,3,9,79,6,13,0,0,25:05:00,6,3,3,6,null,http://www.pro-football-reference.com/boxscores/201511080tam.htm
NYG,17,13,33,0,26,51,321,2,3,3,22,299,332,3,0,3,4,35,3,15,2,2,24:00:00,0,0,0,14,null,http://www.pro-football-reference.com/boxscores/201511290was.htm
WAS,18,37,105,1,20,29,302,1,0,0,0,302,407,1,0,0,7,80,4,15,1,2,36:00:00,0,17,0,3,null,http://www.pro-football-reference.com/boxscores/201511290was.htm
NYJ,15,17,122,0,16,37,181,2,3,1,3,178,300,0,0,3,6,41,3,11,0,0,20:47,0,7,10,0,null,http://www.pro-football-reference.com/boxscores/201601030buf.htm
BUF,18,43,113,2,18,28,182,0,0,2,0,182,295,2,1,1,4,45,9,20,2,2,39:13:00,7,9,3,3,null,http://www.pro-football-reference.com/boxscores/201601030buf.htm
NYJ,20,26,73,1,26,39,299,1,1,2,0,299,372,0,0,1,8,61,5,14,0,1,32:17:00,6,3,0,10,null,http://www.pro-football-reference.com/boxscores/201512190dal.htm
DAL,15,21,133,0,18,33,195,1,4,2,19,176,309,0,0,4,6,54,2,11,1,1,27:43:00,3,7,3,3,null,http://www.pro-football-reference.com/boxscores/201512190dal.htm
NYJ,16,21,70,1,19,39,216,1,2,3,19,197,267,1,0,2,7,54,3,14,1,2,26:35:00,0,3,7,7,null,http://www.pro-football-reference.com/boxscores/201511220htx.htm
HOU,19,37,123,0,17,35,250,3,0,1,9,241,364,2,1,1,3,54,7,18,0,0,33:25:00,0,10,14,0,null,http://www.pro-football-reference.com/boxscores/201511220htx.htm
NYJ,20,27,101,0,22,34,244,2,1,1,1,243,344,1,0,1,8,90,4,12,0,0,31:48:00,7,3,0,10,null,http://www.pro-football-reference.com/boxscores/201509210clt.htm
IND,17,24,93,0,21,37,250,1,3,0,0,250,343,2,2,5,11,84,6,14,0,0,28:12:00,0,0,0,7,null,http://www.pro-football-reference.com/boxscores/201509210clt.htm
NYJ,23,43,207,2,16,29,218,1,1,0,0,218,425,0,0,1,14,163,6,16,0,0,37:23:00,10,10,7,0,null,http://www.pro-football-reference.com/boxscores/201510040mia.htm
MIA,17,11,59,0,19,44,198,2,2,3,31,167,226,1,0,2,9,80,0,12,0,4,22:37,0,7,0,7,null,http://www.pro-football-reference.com/boxscores/201510040mia.htm
NYJ,25,29,89,0,22,39,295,2,0,2,12,283,372,1,1,1,4,29,8,14,0,0,33:03:00,3,7,7,6,null,http://www.pro-football-reference.com/boxscores/201510250nwe.htm
NWE,20,9,16,1,34,54,355,2,0,3,18,337,353,1,0,0,4,38,8,16,1,1,26:57:00,3,10,3,14,null,http://www.pro-football-reference.com/boxscores/201510250nwe.htm
NYJ,28,24,90,0,36,50,390,2,0,3,17,373,463,2,1,1,8,61,6,15,1,1,38:31:00,3,7,0,10,3,http://www.pro-football-reference.com/boxscores/201512060nyg.htm
NYG,14,24,74,0,18,34,297,1,1,3,16,281,355,0,0,1,8,60,4,15,1,2,29:56:00,0,20,0,0,0,http://www.pro-football-reference.com/boxscores/201512060nyg.htm
NYJ,22,21,74,0,31,47,311,2,1,3,19,292,366,0,0,1,6,40,7,16,1,3,29:22:00,3,3,7,7,null,http://www.pro-football-reference.com/boxscores/201511010rai.htm
OAK,21,25,118,0,23,36,333,4,0,0,0,333,451,0,0,0,6,61,4,10,0,0,30:38:00,7,14,10,3,null,http://www.pro-football-reference.com/boxscores/201511010rai.htm
OAK,16,22,70,0,20,34,196,2,1,2,23,173,243,1,1,2,5,47,6,13,0,0,26:38:00,0,14,3,3,null,http://www.pro-football-reference.com/boxscores/201510040chi.htm
CHI,23,29,98,0,28,43,281,2,1,3,8,273,371,3,2,3,7,48,10,17,1,1,33:22:00,6,10,0,6,null,http://www.pro-football-reference.com/boxscores/201510040chi.htm
OAK,19,30,155,1,20,32,314,2,0,0,0,314,469,1,1,1,12,85,6,14,0,0,32:29:00,3,14,3,7,null,http://www.pro-football-reference.com/boxscores/201509270cle.htm
CLE,21,14,39,0,28,49,341,2,1,5,25,316,355,2,1,2,6,50,8,16,1,1,27:31:00,0,3,7,10,null,http://www.pro-football-reference.com/boxscores/201509270cle.htm
OAK,8,23,27,0,12,29,135,2,0,3,36,99,126,3,0,0,10,70,3,15,0,0,24:02:00,0,0,9,6,null,http://www.pro-football-reference.com/boxscores/201512130den.htm
DEN,20,21,34,0,35,51,308,0,0,5,32,276,310,4,2,2,4,27,4,18,1,3,35:58:00,6,6,0,0,null,http://www.pro-football-reference.com/boxscores/201512130den.htm
OAK,13,21,52,1,13,25,169,0,0,1,5,164,216,3,0,0,6,31,4,11,0,0,23:58,0,0,13,0,null,http://www.pro-football-reference.com/boxscores/201511220det.htm
DET,22,31,109,1,22,35,282,0,0,4,16,266,375,0,0,0,7,55,6,14,0,0,36:02:00,6,3,0,9,null,http://www.pro-football-reference.com/boxscores/201511220det.htm
OAK,14,16,48,0,21,33,194,1,1,6,37,157,205,2,0,1,7,59,3,14,1,1,25:05:00,0,10,0,7,null,http://www.pro-football-reference.com/boxscores/201601030kan.htm
KAN,23,39,189,1,15,25,159,2,2,1,9,150,339,0,0,2,5,55,6,13,1,2,34:55:00,14,0,9,0,null,http://www.pro-football-reference.com/boxscores/201601030kan.htm
OAK,24,25,139,1,24,44,301,4,1,0,0,301,440,5,3,4,3,21,6,14,0,0,27:56:00,7,7,7,14,null,http://www.pro-football-reference.com/boxscores/201511080pit.htm
PIT,27,30,195,2,28,50,413,2,1,1,11,402,597,1,1,2,5,42,6,17,1,2,32:04:00,3,18,0,17,null,http://www.pro-football-reference.com/boxscores/201511080pit.htm
OAK,19,26,130,1,24,31,289,3,0,1,7,282,412,0,0,0,14,136,5,12,0,0,30:49:00,10,20,7,0,null,http://www.pro-football-reference.com/boxscores/201510250sdg.htm
SDG,28,21,90,0,38,58,336,3,2,1,9,327,417,1,0,2,9,86,8,16,0,0,29:11:00,3,3,0,23,null,http://www.pro-football-reference.com/boxscores/201510250sdg.htm
OAK,22,30,84,0,24,38,330,3,0,1,7,323,407,3,2,2,11,94,8,15,0,1,34:55:00,7,3,7,7,null,http://www.pro-football-reference.com/boxscores/201511290oti.htm
TEN,19,18,44,0,17,37,218,3,2,2,13,205,249,0,0,2,4,25,3,12,0,1,25:05:00,6,0,8,7,null,http://www.pro-football-reference.com/boxscores/201511290oti.htm
PHI,23,16,63,2,36,52,336,1,2,0,0,336,399,0,0,2,10,88,3,12,1,1,24:33:00,0,3,14,7,null,http://www.pro-football-reference.com/boxscores/201509140atl.htm
ATL,21,35,105,0,23,34,298,2,2,1,8,290,395,0,0,2,7,57,4,14,0,0,35:27:00,3,17,0,6,null,http://www.pro-football-reference.com/boxscores/201509140atl.htm
PHI,20,30,177,1,26,46,205,0,1,5,33,172,349,1,0,1,7,46,7,18,1,2,31:06:00,0,6,10,0,null,http://www.pro-football-reference.com/boxscores/201510250car.htm
CAR,21,33,204,2,14,24,197,1,3,1,7,190,394,0,0,3,5,43,2,9,0,0,28:54:00,7,7,7,6,null,http://www.pro-football-reference.com/boxscores/201510250car.htm
PHI,25,35,172,2,25,36,295,1,0,1,8,287,459,0,0,0,10,70,3,13,2,2,25:42:00,0,7,7,13,6,http://www.pro-football-reference.com/boxscores/201511080dal.htm
DAL,25,29,134,0,25,38,299,3,1,4,22,277,411,2,0,1,8,58,8,16,2,2,38:19:00,7,0,7,13,0,http://www.pro-football-reference.com/boxscores/201511080dal.htm
PHI,14,25,68,0,19,27,199,2,0,6,40,159,227,1,1,1,2,30,6,14,0,0,22:49,0,7,0,7,null,http://www.pro-football-reference.com/boxscores/201511260det.htm
DET,28,30,108,1,27,38,337,5,0,2,15,322,430,0,0,0,4,29,5,10,0,0,37:11:00,7,17,14,7,null,http://www.pro-football-reference.com/boxscores/201511260det.htm
PHI,15,33,128,0,14,24,120,2,0,1,0,120,248,2,1,1,8,97,6,14,0,0,25:44:00,0,14,14,7,null,http://www.pro-football-reference.com/boxscores/201512060nwe.htm
NWE,27,25,103,1,30,57,348,3,2,4,24,324,427,0,0,2,3,30,7,17,1,2,34:16:00,0,14,0,14,null,http://www.pro-football-reference.com/boxscores/201512060nwe.htm
PHI,23,26,120,2,30,38,320,2,1,1,5,315,435,1,1,2,3,11,10,13,0,0,28:06:00,14,7,7,7,null,http://www.pro-football-reference.com/boxscores/201601030nyg.htm
NYG,30,36,208,1,24,43,302,2,0,2,8,294,502,2,1,1,2,10,7,15,1,2,31:54:00,3,17,7,3,null,http://www.pro-football-reference.com/boxscores/201601030nyg.htm
PHI,18,38,123,1,14,28,118,1,0,1,10,108,231,1,1,1,5,21,4,15,0,0,28:11:00,3,21,0,0,null,http://www.pro-football-reference.com/boxscores/201509270nyj.htm
NYJ,19,16,47,0,35,58,283,2,3,1,7,276,323,2,1,4,6,53,7,17,0,0,31:49:00,0,7,0,10,null,http://www.pro-football-reference.com/boxscores/201509270nyj.htm
PHI,14,18,87,0,15,28,270,3,0,5,37,233,320,2,2,2,8,72,4,12,0,1,18:52,0,0,13,7,null,http://www.pro-football-reference.com/boxscores/201510040was.htm
WAS,25,32,127,1,31,46,290,1,0,1,0,290,417,2,1,1,10,110,9,17,0,0,41:08:00,6,7,3,7,null,http://www.pro-football-reference.com/boxscores/201510040was.htm
PIT,21,20,110,2,24,34,220,0,2,3,22,198,308,2,1,3,3,25,2,8,0,2,25:40:00,0,3,7,7,null,http://www.pro-football-reference.com/boxscores/201512270rav.htm
BAL,22,31,121,1,28,41,274,1,0,1,9,265,386,0,0,0,12,121,9,18,0,0,34:20:00,7,6,0,7,null,http://www.pro-football-reference.com/boxscores/201512270rav.htm
PIT,22,28,84,2,30,39,282,0,1,2,12,270,354,0,0,1,5,82,8,14,0,0,35:47:00,7,9,7,10,null,http://www.pro-football-reference.com/boxscores/201512130cin.htm
CIN,22,16,64,0,25,37,339,2,3,3,18,321,385,0,0,3,4,27,3,8,0,0,24:13:00,0,7,3,10,null,http://www.pro-football-reference.com/boxscores/201512130cin.htm
PIT,21,29,167,0,20,36,240,1,1,4,38,202,369,2,1,2,10,142,2,13,1,1,30:37:00,0,6,9,3,null,http://www.pro-football-reference.com/boxscores/201601090cin.htm
CIN,19,24,91,1,23,41,212,1,1,3,24,188,279,5,3,4,8,79,5,15,1,1,29:23:00,0,0,0,16,null,http://www.pro-football-reference.com/boxscores/201601090cin.htm
PIT,16,19,30,0,24,36,349,3,2,0,0,349,379,1,1,3,9,45,2,8,0,0,26:03:00,7,7,3,11,null,http://www.pro-football-reference.com/boxscores/201601030cle.htm
CLE,22,23,86,0,24,46,240,0,2,7,63,177,263,3,2,4,8,47,4,16,1,4,33:57:00,3,6,0,3,null,http://www.pro-football-reference.com/boxscores/201601030cle.htm
PIT,16,19,85,1,24,37,339,0,0,3,28,311,396,2,1,1,5,38,2,12,0,2,28:27:00,7,3,3,3,null,http://www.pro-football-reference.com/boxscores/201601170den.htm
DEN,19,33,109,1,21,37,222,0,0,1,7,215,324,1,0,0,4,49,3,15,0,1,31:33:00,6,3,3,11,null,http://www.pro-football-reference.com/boxscores/201601170den.htm
PIT,18,24,147,0,16,29,209,1,2,2,17,192,339,1,1,3,1,5,2,10,1,2,27:34:00,3,0,7,3,null,http://www.pro-football-reference.com/boxscores/201510250kan.htm
KAN,18,29,138,1,21,32,251,1,0,2,12,239,377,0,0,0,6,66,9,16,0,0,32:26:00,3,6,7,7,null,http://www.pro-football-reference.com/boxscores/201510250kan.htm
PIT,23,25,134,1,26,38,351,1,1,3,21,330,464,0,0,1,8,77,7,15,2,2,32:05:00,0,3,8,10,null,http://www.pro-football-reference.com/boxscores/201509100nwe.htm
NWE,26,24,80,0,25,32,288,4,0,2,7,281,361,1,0,0,7,64,7,11,0,0,27:55:00,0,14,7,7,null,http://www.pro-football-reference.com/boxscores/201509100nwe.htm
PIT,14,27,155,1,13,26,203,1,1,3,9,194,349,0,0,1,8,86,5,14,0,0,26:17:00,0,3,7,14,null,http://www.pro-football-reference.com/boxscores/201510120sdg.htm
SDG,24,19,52,0,35,48,365,2,1,2,11,354,406,1,1,2,7,54,4,14,0,0,33:43:00,7,0,0,13,null,http://www.pro-football-reference.com/boxscores/201510120sdg.htm
PIT,26,14,58,2,37,59,490,1,4,2,10,480,538,1,0,4,6,65,5,11,0,1,32:00:00,3,15,3,9,null,http://www.pro-football-reference.com/boxscores/201511290sea.htm
SEA,21,27,100,1,21,30,345,5,0,2,9,336,436,2,0,0,8,76,7,13,0,0,28:00:00,0,14,6,19,null,http://www.pro-football-reference.com/boxscores/201511290sea.htm
PIT,17,22,62,1,25,30,230,0,1,5,33,197,259,1,0,1,4,63,6,12,0,0,32:19:00,3,6,0,3,null,http://www.pro-football-reference.com/boxscores/201509270ram.htm
STL,12,18,71,0,19,29,197,0,1,2,10,187,258,0,0,1,7,97,2,10,0,2,27:41:00,0,3,0,3,null,http://www.pro-football-reference.com/boxscores/201509270ram.htm
SDG,22,26,81,0,28,37,301,3,0,1,11,290,371,1,0,0,6,66,7,13,0,0,30:06:00,3,13,7,3,null,http://www.pro-football-reference.com/boxscores/201511010rav.htm
BAL,23,25,72,1,25,37,319,1,0,3,26,293,365,1,0,0,5,46,5,12,1,1,29:54:00,6,7,6,10,null,http://www.pro-football-reference.com/boxscores/201511010rav.htm
SDG,19,25,131,0,21,27,241,2,1,4,18,223,354,2,2,3,8,64,4,11,0,0,30:09:00,3,3,7,6,null,http://www.pro-football-reference.com/boxscores/201509200cin.htm
CIN,20,36,175,0,16,26,214,3,0,0,0,214,389,2,2,2,9,75,4,10,0,0,29:51:00,7,7,3,7,null,http://www.pro-football-reference.com/boxscores/201509200cin.htm
SDG,15,29,110,0,21,35,228,2,1,3,21,207,317,3,0,1,7,45,6,18,0,2,34:32:00,3,3,7,7,null,http://www.pro-football-reference.com/boxscores/201601030den.htm
DEN,21,32,210,2,19,31,301,1,2,2,8,293,503,3,3,5,6,35,5,11,0,0,25:28:00,7,0,7,13,null,http://www.pro-football-reference.com/boxscores/201601030den.htm
SDG,32,21,60,0,43,65,503,2,0,3,15,488,548,2,1,1,9,76,9,18,1,3,38:00:00,3,7,7,3,null,http://www.pro-football-reference.com/boxscores/201510180gnb.htm
GNB,17,17,133,1,16,29,255,2,0,3,18,237,370,1,0,0,6,50,3,9,0,0,22:00,14,3,7,3,null,http://www.pro-football-reference.com/boxscores/201510180gnb.htm
SDG,24,26,79,0,29,43,300,4,0,2,10,290,369,0,0,0,8,70,6,14,1,1,31:24:00,0,21,3,7,null,http://www.pro-football-reference.com/boxscores/201511290jax.htm
JAX,20,19,102,0,30,49,329,2,1,2,11,318,420,0,0,1,6,35,5,15,2,3,28:36:00,6,3,3,13,null,http://www.pro-football-reference.com/boxscores/201511290jax.htm
SDG,15,18,44,0,24,43,263,0,1,5,27,236,280,0,0,1,7,48,6,18,3,3,31:08:00,0,0,3,0,null,http://www.pro-football-reference.com/boxscores/201512130kan.htm
KAN,18,25,150,0,15,23,191,1,1,2,12,179,329,2,1,2,8,53,6,11,0,0,28:52:00,0,10,0,0,null,http://www.pro-football-reference.com/boxscores/201512130kan.htm
SDG,21,28,90,0,26,40,309,2,1,4,30,279,369,1,1,2,7,74,8,17,0,1,33:29:00,0,7,0,7,null,http://www.pro-football-reference.com/boxscores/201509270min.htm
MIN,18,31,163,3,13,24,121,0,1,0,0,121,284,0,0,1,3,39,3,9,0,0,26:31:00,3,7,14,7,null,http://www.pro-football-reference.com/boxscores/201509270min.htm
SDG,19,25,72,1,31,49,277,1,0,1,6,271,343,1,1,1,9,75,5,16,0,1,35:04:00,7,10,0,3,0,http://www.pro-football-reference.com/boxscores/201512240rai.htm
OAK,14,24,106,1,23,38,204,1,1,3,29,175,281,0,0,1,16,121,4,15,0,0,33:21:00,7,3,2,8,3,http://www.pro-football-reference.com/boxscores/201512240rai.htm
SEA,22,36,145,1,22,32,225,3,0,1,16,209,354,0,0,0,6,70,8,15,1,1,36:37:00,10,20,6,0,null,http://www.pro-football-reference.com/boxscores/201601030crd.htm
ARI,16,13,27,0,20,43,213,1,3,2,8,205,232,0,0,3,6,43,5,12,0,1,23:23,0,6,0,0,null,http://www.pro-football-reference.com/boxscores/201601030crd.htm
SEA,28,36,123,0,24,33,301,5,0,0,0,301,424,1,1,1,6,42,8,12,0,0,35:43:00,7,7,7,14,null,http://www.pro-football-reference.com/boxscores/201512130rav.htm
BAL,16,14,28,0,23,40,274,0,1,1,0,274,302,1,1,2,9,94,3,11,0,1,24:17:00,0,6,0,0,null,http://www.pro-football-reference.com/boxscores/201512130rav.htm
SEA,23,12,78,0,31,48,366,3,2,5,41,325,403,0,0,2,3,20,5,11,1,2,24:22:00,0,0,14,10,null,http://www.pro-football-reference.com/boxscores/201601170car.htm
CAR,19,41,144,2,16,22,161,1,0,1,10,151,295,2,0,0,3,25,8,15,0,0,35:38:00,14,17,0,0,null,http://www.pro-football-reference.com/boxscores/201601170car.htm
SEA,16,30,200,1,15,23,213,1,1,4,16,197,397,0,0,1,10,112,5,13,0,0,30:35:00,7,3,14,0,0,http://www.pro-football-reference.com/boxscores/201510110cin.htm
CIN,27,31,109,1,30,44,331,2,1,4,21,310,419,1,1,2,7,50,6,15,0,0,40:49:00,7,0,0,17,3,http://www.pro-football-reference.com/boxscores/201510110cin.htm
SEA,19,31,113,0,19,30,210,1,1,0,0,210,323,0,0,1,5,40,5,12,0,0,29:38:00,3,7,0,3,null,http://www.pro-football-reference.com/boxscores/201511010dal.htm
DAL,14,30,129,0,13,26,97,0,0,1,6,91,220,1,0,0,5,40,4,14,1,2,30:22:00,3,3,3,3,null,http://www.pro-football-reference.com/boxscores/201511010dal.htm
SEA,21,25,119,0,19,30,206,2,1,2,1,205,324,1,1,2,6,92,3,9,0,0,26:42:00,3,0,14,0,null,http://www.pro-football-reference.com/boxscores/201509200gnb.htm
GNB,21,29,127,0,25,33,249,2,0,2,15,234,361,2,1,1,6,35,4,11,0,0,33:18:00,10,3,3,11,null,http://www.pro-football-reference.com/boxscores/201509200gnb.htm
SEA,25,36,173,2,21,28,274,3,0,2,14,260,433,1,1,1,9,65,9,13,1,1,35:10:00,7,14,14,3,null,http://www.pro-football-reference.com/boxscores/201512060min.htm
MIN,9,16,31,0,17,28,118,0,1,4,24,94,125,1,0,1,9,95,2,10,0,1,24:50:00,0,0,7,0,null,http://www.pro-football-reference.com/boxscores/201512060min.htm
SEA,13,28,97,0,13,26,142,1,1,2,13,129,226,2,0,1,6,65,5,14,0,3,27:34:00,0,0,0,10,null,http://www.pro-football-reference.com/boxscores/201601100min.htm
MIN,14,29,58,0,17,24,146,0,0,3,21,125,183,1,1,1,2,46,3,13,1,1,32:26:00,3,0,6,0,null,http://www.pro-football-reference.com/boxscores/201601100min.htm
SEA,21,41,176,1,18,24,235,1,2,5,23,212,388,0,0,2,6,50,5,13,1,1,38:05:00,7,10,0,3,null,http://www.pro-football-reference.com/boxscores/201510220sfo.htm
SFO,8,15,61,0,13,24,124,0,0,6,43,81,142,1,0,0,4,33,1,11,0,0,21:55,0,0,3,0,null,http://www.pro-football-reference.com/boxscores/201510220sfo.htm
SEA,21,32,124,0,32,41,251,1,1,6,32,219,343,0,0,1,7,46,8,19,1,2,37:28:00,7,3,3,18,0,http://www.pro-football-reference.com/boxscores/201509130ram.htm
STL,19,26,76,2,18,27,297,1,0,2,21,276,352,3,3,3,4,30,6,11,0,0,28:32:00,0,10,14,7,3,http://www.pro-football-reference.com/boxscores/201509130ram.htm
SFO,10,29,103,1,9,19,67,0,4,2,14,53,156,1,0,4,6,45,4,12,0,0,23:28,0,7,0,0,null,http://www.pro-football-reference.com/boxscores/201509270crd.htm
ARI,28,37,139,2,20,32,311,2,1,1,4,307,446,2,0,1,4,24,6,13,1,1,36:32:00,14,17,9,7,null,http://www.pro-football-reference.com/boxscores/201509270crd.htm
SFO,13,23,121,2,18,32,196,1,0,4,26,170,291,0,0,0,6,50,7,16,0,0,24:46:00,6,7,0,7,6,http://www.pro-football-reference.com/boxscores/201512060chi.htm
CHI,20,42,170,2,18,31,202,0,1,1,8,194,364,1,0,1,8,72,8,17,0,0,37:24:00,6,7,0,7,0,http://www.pro-football-reference.com/boxscores/201512060chi.htm
SFO,15,17,71,0,18,28,194,1,0,9,44,150,221,1,0,0,5,40,2,13,1,3,22:21,0,3,0,7,null,http://www.pro-football-reference.com/boxscores/201512130cle.htm
CLE,28,41,230,2,21,31,270,1,1,2,19,251,481,3,1,2,8,71,6,12,0,0,37:39:00,7,3,7,7,null,http://www.pro-football-reference.com/boxscores/201512130cle.htm
SFO,20,23,121,0,22,33,225,2,0,3,24,201,322,1,1,1,11,65,1,9,0,2,23:30,7,10,0,0,null,http://www.pro-football-reference.com/boxscores/201512270det.htm
DET,26,28,87,1,29,37,301,2,0,2,17,284,371,0,0,0,7,71,4,12,1,1,36:30:00,3,17,3,9,null,http://www.pro-football-reference.com/boxscores/201512270det.htm
SFO,22,27,124,1,23,35,262,2,0,2,6,256,380,3,0,0,4,28,8,14,0,0,28:02:00,3,3,7,14,null,http://www.pro-football-reference.com/boxscores/201510110nyg.htm
NYG,30,21,84,0,41,54,441,3,1,0,0,441,525,0,0,1,6,65,9,14,0,0,31:58:00,3,10,7,10,null,http://www.pro-football-reference.com/boxscores/201510110nyg.htm
SFO,27,31,111,0,33,46,335,2,0,5,37,298,409,2,1,1,7,46,7,17,3,5,36:59:00,0,3,0,15,null,http://www.pro-football-reference.com/boxscores/201509200pit.htm
PIT,21,25,84,3,21,27,369,3,0,0,0,369,453,0,0,0,7,58,6,10,0,0,23:01,8,21,0,14,null,http://www.pro-football-reference.com/boxscores/201509200pit.htm
SFO,14,16,59,0,22,34,264,1,0,2,17,247,306,2,0,0,5,42,2,11,0,0,22:21,0,7,6,0,null,http://www.pro-football-reference.com/boxscores/201511220sea.htm
SEA,28,44,255,1,24,29,260,3,0,2,7,253,508,0,0,0,8,51,8,14,0,0,37:39:00,13,7,3,6,null,http://www.pro-football-reference.com/boxscores/201511220sea.htm
SFO,11,21,38,0,20,41,162,0,0,3,11,151,189,0,0,0,13,93,3,17,0,1,28:02:00,3,3,0,0,null,http://www.pro-football-reference.com/boxscores/201511010ram.htm
STL,16,41,197,2,14,23,191,1,0,0,0,191,388,1,1,1,12,93,1,12,0,0,31:58:00,2,18,0,7,null,http://www.pro-football-reference.com/boxscores/201511010ram.htm
STL,13,26,164,0,16,24,171,3,0,1,7,164,328,1,0,0,7,66,5,13,0,0,26:47:00,7,3,7,7,null,http://www.pro-football-reference.com/boxscores/201510040crd.htm
ARI,26,21,113,0,29,46,352,1,1,4,18,334,447,3,2,3,3,20,2,11,1,2,33:13:00,3,6,3,10,null,http://www.pro-football-reference.com/boxscores/201510040crd.htm
STL,13,29,82,1,12,26,136,1,0,1,5,131,213,5,4,4,6,35,3,13,0,0,27:08:00,7,0,6,0,null,http://www.pro-football-reference.com/boxscores/201511220rav.htm
BAL,16,28,96,0,27,44,299,1,2,1,7,292,388,2,0,2,10,137,4,16,0,1,32:52:00,0,3,0,13,null,http://www.pro-football-reference.com/boxscores/201511220rav.htm
STL,19,17,94,1,36,53,259,0,3,1,8,251,345,0,0,3,7,45,6,15,1,3,29:53:00,0,7,0,0,null,http://www.pro-football-reference.com/boxscores/201511290cin.htm
CIN,19,31,140,0,21,28,236,3,1,0,0,236,376,1,0,1,3,35,3,10,0,1,30:07:00,7,10,14,0,null,http://www.pro-football-reference.com/boxscores/201511290cin.htm
STL,17,36,191,0,12,31,161,1,4,3,18,143,334,1,0,4,8,40,5,18,1,1,33:43:00,0,10,0,0,null,http://www.pro-football-reference.com/boxscores/201510110gnb.htm
GNB,14,27,86,0,19,30,241,2,2,2,5,236,322,1,1,3,7,67,4,13,0,1,26:17:00,14,0,7,3,null,http://www.pro-football-reference.com/boxscores/201510110gnb.htm
STL,18,36,160,1,18,33,168,0,0,1,8,160,320,1,0,0,12,87,2,16,1,1,32:27:00,6,9,0,3,0,http://www.pro-football-reference.com/boxscores/201511080min.htm
MIN,21,35,145,2,15,27,159,0,1,1,11,148,293,2,0,1,6,67,3,13,0,0,33:13:00,10,0,8,0,3,http://www.pro-football-reference.com/boxscores/201511080min.htm
STL,14,30,102,1,14,23,103,1,0,0,0,103,205,2,0,0,5,60,5,12,0,0,27:54:00,10,6,0,7,null,http://www.pro-football-reference.com/boxscores/201512270sea.htm
SEA,18,22,59,0,25,41,289,2,1,4,36,253,312,5,2,3,10,83,8,17,1,1,32:06:00,0,3,7,7,null,http://www.pro-football-reference.com/boxscores/201512270sea.htm
STL,21,33,133,1,22,38,231,0,0,0,0,231,364,1,0,0,11,105,3,13,0,1,38:30:00,3,13,0,0,0,http://www.pro-football-reference.com/boxscores/201601030sfo.htm
SFO,21,33,108,0,28,44,354,1,1,1,4,350,458,2,0,1,7,60,8,18,0,1,33:03:00,0,10,3,3,3,http://www.pro-football-reference.com/boxscores/201601030sfo.htm
STL,11,13,67,0,17,32,150,1,0,1,4,146,213,2,0,0,9,80,2,12,0,1,22:16,0,0,10,0,null,http://www.pro-football-reference.com/boxscores/201509200was.htm
WAS,19,37,182,2,23,27,203,1,0,2,12,191,373,1,1,1,7,53,8,16,0,0,37:44:00,10,7,0,7,null,http://www.pro-football-reference.com/boxscores/201509200was.htm
TAM,21,32,117,1,16,29,177,1,0,2,4,173,290,0,0,0,8,43,6,13,0,1,30:11:00,3,10,7,0,3,http://www.pro-football-reference.com/boxscores/201511010atl.htm
ATL,28,27,101,0,37,45,397,2,1,1,2,395,496,4,3,4,11,124,6,12,2,3,39:05:00,3,0,7,10,0,http://www.pro-football-reference.com/boxscores/201511010atl.htm
TAM,21,22,77,1,29,47,325,0,2,2,16,309,386,1,1,3,5,65,8,16,1,2,28:10:00,3,0,7,0,null,http://www.pro-football-reference.com/boxscores/201601030car.htm
CAR,23,32,111,3,21,26,293,2,0,4,38,255,366,2,2,2,7,33,7,10,0,0,31:50:00,0,24,7,7,null,http://www.pro-football-reference.com/boxscores/201601030car.htm
TAM,14,20,57,0,17,36,261,1,1,0,0,261,318,2,0,1,10,84,1,12,0,0,23:44,0,9,0,0,null,http://www.pro-football-reference.com/boxscores/201509270htx.htm
HOU,30,46,186,1,24,39,228,1,1,1,1,227,413,2,0,1,6,58,8,18,0,0,36:16:00,7,0,3,9,null,http://www.pro-football-reference.com/boxscores/201509270htx.htm
TAM,21,21,132,0,20,36,245,1,1,5,33,212,344,0,0,1,12,95,6,13,0,1,27:35:00,3,9,0,0,null,http://www.pro-football-reference.com/boxscores/201511290clt.htm
IND,23,26,27,0,26,42,315,2,0,3,6,309,336,1,0,0,6,45,7,16,0,0,32:25:00,3,3,13,6,null,http://www.pro-football-reference.com/boxscores/201511290clt.htm
TAM,18,35,139,1,14,21,207,1,0,3,13,194,333,2,2,2,11,90,5,14,0,0,28:32:00,3,7,13,3,null,http://www.pro-football-reference.com/boxscores/201509200nor.htm
NOR,21,27,104,2,24,38,255,1,1,4,36,219,323,5,2,3,10,115,7,14,1,1,31:28:00,0,7,0,12,null,http://www.pro-football-reference.com/boxscores/201509200nor.htm
TAM,25,42,283,0,19,29,246,5,0,1,8,238,521,3,1,1,9,82,10,16,1,1,35:54:00,7,21,7,10,null,http://www.pro-football-reference.com/boxscores/201511220phi.htm
PHI,21,28,136,0,26,41,261,2,3,3,14,247,383,1,1,4,5,25,7,15,0,0,24:06:00,7,7,0,3,null,http://www.pro-football-reference.com/boxscores/201511220phi.htm
TAM,30,27,146,0,29,50,363,2,1,0,0,363,509,2,1,2,9,56,3,10,0,1,31:20:00,3,0,3,17,null,http://www.pro-football-reference.com/boxscores/201512170ram.htm
STL,16,33,98,2,14,17,234,2,0,2,13,221,319,0,0,0,5,35,2,10,0,0,28:40:00,14,7,7,3,null,http://www.pro-football-reference.com/boxscores/201512170ram.htm
TAM,21,30,190,0,21,29,297,2,0,1,8,289,479,2,1,1,16,142,7,12,0,0,31:18:00,10,14,0,6,null,http://www.pro-football-reference.com/boxscores/201510250was.htm
WAS,27,19,50,1,33,40,317,3,0,1,12,305,355,1,1,1,4,20,5,11,0,0,28:42:00,0,7,14,10,null,http://www.pro-football-reference.com/boxscores/201510250was.htm
TEN,21,30,166,0,21,37,257,2,0,7,38,219,385,4,3,3,9,85,7,16,2,2,35:11:00,0,0,7,7,null,http://www.pro-football-reference.com/boxscores/201509200cle.htm
CLE,13,30,116,1,8,15,172,2,0,2,14,158,274,2,0,0,4,40,4,11,0,1,24:49:00,14,7,0,7,null,http://www.pro-football-reference.com/boxscores/201509200cle.htm
TEN,15,20,86,0,22,31,171,0,1,7,46,125,211,2,2,3,6,45,1,12,0,1,31:08:00,3,0,3,0,null,http://www.pro-football-reference.com/boxscores/201511010htx.htm
HOU,14,23,56,0,23,35,235,2,0,3,21,214,270,0,0,0,7,85,4,15,0,1,28:52:00,0,10,7,3,null,http://www.pro-football-reference.com/boxscores/201511010htx.htm
TEN,14,27,137,2,15,27,137,1,1,4,43,94,231,1,0,1,6,60,4,14,1,2,26:43:00,7,7,3,7,null,http://www.pro-football-reference.com/boxscores/201601030clt.htm
IND,20,32,127,0,21,38,207,2,1,1,7,200,327,0,0,1,6,71,7,17,0,0,33:17:00,10,10,7,3,null,http://www.pro-football-reference.com/boxscores/201601030clt.htm
TEN,22,26,104,1,22,35,231,0,0,4,19,212,316,1,1,1,6,59,5,13,0,0,31:35:00,3,3,7,0,null,http://www.pro-football-reference.com/boxscores/201511190jax.htm
JAX,18,23,90,0,21,31,242,1,1,4,24,218,308,1,1,2,8,88,4,13,0,0,28:25:00,0,6,3,10,null,http://www.pro-football-reference.com/boxscores/201511190jax.htm
TEN,25,28,112,0,28,39,371,4,0,0,0,371,483,2,1,1,9,66,5,13,0,0,32:21:00,10,7,3,8,6,http://www.pro-football-reference.com/boxscores/201511080nor.htm
NOR,30,27,61,1,28,39,387,3,1,4,32,355,416,1,1,2,8,75,6,11,0,0,32:49:00,14,7,0,7,0,http://www.pro-football-reference.com/boxscores/201511080nor.htm
TEN,15,21,59,0,23,34,274,2,2,5,51,223,282,2,1,3,3,29,3,12,0,1,30:23:00,0,3,7,6,null,http://www.pro-football-reference.com/boxscores/201512200nwe.htm
NWE,17,26,93,0,23,35,267,2,0,2,14,253,346,1,1,1,5,35,7,16,0,0,29:37:00,7,17,3,6,null,http://www.pro-football-reference.com/boxscores/201512200nwe.htm
TEN,15,13,24,0,22,40,315,1,1,5,47,268,292,1,0,1,3,20,3,14,1,3,24:04:00,0,0,8,0,null,http://www.pro-football-reference.com/boxscores/201512130nyj.htm
NYJ,24,34,183,0,21,36,263,3,0,1,7,256,439,0,0,0,3,20,7,15,1,1,35:56:00,10,17,0,3,null,http://www.pro-football-reference.com/boxscores/201512130nyj.htm
TEN,20,32,124,1,13,15,209,4,0,2,24,185,309,2,1,1,8,55,4,9,0,0,31:30:00,21,14,7,0,null,http://www.pro-football-reference.com/boxscores/201509130tam.htm
TAM,16,26,92,0,16,33,210,2,2,4,29,181,273,2,0,2,12,97,3,14,2,4,28:30:00,0,7,0,7,null,http://www.pro-football-reference.com/boxscores/201509130tam.htm
WAS,18,24,51,1,21,32,219,1,2,1,0,219,270,1,0,2,5,51,4,12,1,1,27:49:00,0,7,0,12,0,http://www.pro-football-reference.com/boxscores/201510110atl.htm
ATL,29,32,176,1,24,42,254,0,2,3,12,242,418,3,1,3,4,62,6,15,3,3,34:56:00,0,3,3,13,6,http://www.pro-football-reference.com/boxscores/201510110atl.htm
WAS,9,12,14,0,22,30,207,1,1,5,35,172,186,5,4,5,9,68,2,9,1,1,21:53,14,0,0,2,null,http://www.pro-football-reference.com/boxscores/201511220car.htm
CAR,27,39,142,0,21,34,246,5,0,2,20,226,368,1,0,0,8,66,7,14,0,1,38:07:00,14,17,10,3,null,http://www.pro-football-reference.com/boxscores/201511220car.htm
WAS,24,33,99,2,24,31,300,1,1,3,25,275,374,1,0,1,8,63,7,12,0,0,34:22:00,7,7,7,3,null,http://www.pro-football-reference.com/boxscores/201512130chi.htm
CHI,20,22,87,1,19,31,315,2,0,3,25,290,377,1,1,1,7,79,5,11,0,0,25:38:00,0,7,14,0,null,http://www.pro-football-reference.com/boxscores/201512130chi.htm
WAS,19,36,146,0,19,26,304,4,0,1,13,291,437,2,0,0,3,20,7,14,1,1,33:57:00,21,3,3,7,null,http://www.pro-football-reference.com/boxscores/201601030dal.htm
DAL,27,16,100,0,33,48,435,3,2,4,23,412,512,2,2,4,4,44,2,10,1,1,26:03:00,0,14,0,9,null,http://www.pro-football-reference.com/boxscores/201601030dal.htm
WAS,16,15,37,0,22,40,217,1,1,1,4,213,250,2,1,2,4,27,7,14,0,1,22:55,0,3,0,7,null,http://www.pro-football-reference.com/boxscores/201511080nwe.htm
NWE,27,37,161,1,26,39,299,2,1,0,0,299,460,2,1,2,6,43,9,16,1,1,37:05:00,14,3,3,7,null,http://www.pro-football-reference.com/boxscores/201511080nwe.htm
WAS,22,20,88,0,30,49,316,1,2,1,11,305,393,2,1,3,7,58,6,15,2,3,28:30:00,0,6,0,15,null,http://www.pro-football-reference.com/boxscores/201509240nyg.htm
NYG,19,31,84,1,23,32,279,2,0,0,0,279,363,1,0,0,8,67,4,12,1,1,31:30:00,12,3,3,14,null,http://www.pro-football-reference.com/boxscores/201509240nyg.htm
WAS,14,17,34,0,25,44,196,1,2,1,5,191,225,0,0,2,3,15,5,15,1,2,27:21:00,7,6,0,7,null,http://www.pro-football-reference.com/boxscores/201510180nyj.htm
NYJ,22,41,221,2,19,26,253,2,1,0,0,253,474,2,2,3,1,5,7,14,0,0,32:39:00,7,3,17,7,null,http://www.pro-football-reference.com/boxscores/201510180nyj.htm
WAS,25,26,67,0,31,46,365,4,0,2,14,351,418,1,0,0,8,70,5,14,0,0,34:04:00,13,3,14,8,null,http://www.pro-football-reference.com/boxscores/201512260phi.htm
PHI,23,16,45,2,37,56,380,1,0,5,27,353,398,7,2,2,8,45,7,19,2,3,25:56:00,7,3,7,7,null,http://www.pro-football-reference.com/boxscores/201512260phi.htm
